35,1,mapped-by-core-mpi-openmp,2048 x 2048,"0,041147","0,000103951","0,035532","0,0767899"
35,2,mapped-by-core-mpi-openmp,2048 x 2048,"0,066397","8,91685e-05","0,064744","0,131234"
35,3,mapped-by-core-mpi-openmp,2048 x 2048,"0,04969","7,60555e-05","0,05094","0,100709"
35,4,mapped-by-core-mpi-openmp,2048 x 2048,"0,0464821","9,29832e-05","0,054997","0,101575"
35,5,mapped-by-core-mpi-openmp,2048 x 2048,"0,0784609","8,39233e-05","0,049675","0,128223"
35,6,mapped-by-core-mpi-openmp,2048 x 2048,"0,065613","8,70228e-05","0,075938","0,141641"
35,7,mapped-by-core-mpi-openmp,2048 x 2048,"0,0662858","9,10759e-05","0,0674341","0,133814"
35,8,mapped-by-core-mpi-openmp,2048 x 2048,"0,0930049","7,48634e-05","0,091923","0,185007"
35,9,mapped-by-core-mpi-openmp,2048 x 2048,"0,101474","9,60827e-05","0,0835071","0,185081"
35,10,mapped-by-core-mpi-openmp,2048 x 2048,"0,116823","0,00709796","0,076098","0,200022"
35,11,mapped-by-core-mpi-openmp,2048 x 2048,"0,122608","8,79765e-05","0,105212","0,227912"
35,12,mapped-by-core-mpi-openmp,2048 x 2048,"0,113847","9,29832e-05","0,114799","0,228742"
35,13,mapped-by-core-mpi-openmp,2048 x 2048,"0,113949","0,00707293","0,103298","0,224324"
35,14,mapped-by-core-mpi-openmp,2048 x 2048,"0,148608","8,51154e-05","0,108801","0,257497"
35,15,mapped-by-core-mpi-openmp,2048 x 2048,"0,153738","7,29561e-05","0,133627","0,287443"
35,16,mapped-by-core-mpi-openmp,2048 x 2048,"0,170314","0,023751","0,102527","0,296595"
35,17,mapped-by-core-mpi-openmp,2048 x 2048,"0,172259","8,79765e-05","0,149435","0,321787"
35,18,mapped-by-core-mpi-openmp,2048 x 2048,"0,165591","8,29697e-05","0,145122","0,3108"
35,19,mapped-by-core-mpi-openmp,2048 x 2048,"0,190103","8,10623e-05","0,133144","0,323332"
35,20,mapped-by-core-mpi-openmp,2048 x 2048,"0,197713","9,39369e-05","0,163729","0,361539"
35,21,mapped-by-core-mpi-openmp,2048 x 2048,"0,213227","8,29697e-05","0,175378","0,388693"
35,22,mapped-by-core-mpi-openmp,2048 x 2048,"0,195024","7,89165e-05","0,173851","0,368957"
35,23,mapped-by-core-mpi-openmp,2048 x 2048,"0,237263","8,91685e-05","0,16994","0,407295"
35,24,mapped-by-core-mpi-openmp,2048 x 2048,"0,235187","8,79765e-05","0,18124","0,416519"
35,25,mapped-by-core-mpi-openmp,2048 x 2048,"0,204512","0,0116532","0,18764","0,403809"
35,26,mapped-by-core-mpi-openmp,2048 x 2048,"0,240991","8,08239e-05","0,17994","0,421015"
35,27,mapped-by-core-mpi-openmp,2048 x 2048,"0,265537","9,01222e-05","0,193632","0,459263"
35,28,mapped-by-core-mpi-openmp,2048 x 2048,"0,289104","9,20296e-05","0,18676","0,475959"
35,29,mapped-by-core-mpi-openmp,2048 x 2048,"0,290046","9,39369e-05","0,196312","0,486457"
35,30,mapped-by-core-mpi-openmp,2048 x 2048,"0,253586","8,10623e-05","0,213003","0,466673"
35,31,mapped-by-core-mpi-openmp,2048 x 2048,"0,269714","8,29697e-05","0,216275","0,486076"
35,32,mapped-by-core-mpi-openmp,2048 x 2048,"0,284031","0,110917","0,109786","0,504739"
36,1,mapped-by-core-mpi-openmp,2048 x 2048,"0,042639","8,79765e-05","0,0374942","0,080224"
36,2,mapped-by-core-mpi-openmp,2048 x 2048,"0,0461199","9,60827e-05","0,0335989","0,079818"
36,3,mapped-by-core-mpi-openmp,2048 x 2048,"0,047482","8,98838e-05","0,0364439","0,0840199"
36,4,mapped-by-core-mpi-openmp,2048 x 2048,"0,054183","0,000102043","0,057008","0,111297"
36,5,mapped-by-core-mpi-openmp,2048 x 2048,"0,0782151","8,60691e-05","0,0584478","0,136754"
36,6,mapped-by-core-mpi-openmp,2048 x 2048,"0,0872719","9,01222e-05","0,0840449","0,17141"
36,7,mapped-by-core-mpi-openmp,2048 x 2048,"0,091599","7,98702e-05","0,066685","0,158368"
36,8,mapped-by-core-mpi-openmp,2048 x 2048,"0,104043","8,98838e-05","0,082031","0,186168"
36,9,mapped-by-core-mpi-openmp,2048 x 2048,"0,0906131","8,89301e-05","0,114876","0,205582"
36,10,mapped-by-core-mpi-openmp,2048 x 2048,"0,0981388","8,51154e-05","0,126444","0,224672"
36,11,mapped-by-core-mpi-openmp,2048 x 2048,"0,136814","8,79765e-05","0,115965","0,25287"
36,12,mapped-by-core-mpi-openmp,2048 x 2048,"0,126973","7,58171e-05","0,147596","0,274649"
36,13,mapped-by-core-mpi-openmp,2048 x 2048,"0,154572","8,91685e-05","0,117688","0,272354"
36,14,mapped-by-core-mpi-openmp,2048 x 2048,"0,117058","9,39369e-05","0,111415","0,22857"
36,15,mapped-by-core-mpi-openmp,2048 x 2048,"0,145699","9,39369e-05","0,115188","0,260985"
36,16,mapped-by-core-mpi-openmp,2048 x 2048,"0,159646","0,013973","0,105902","0,279525"
36,17,mapped-by-core-mpi-openmp,2048 x 2048,"0,184558","0,00477409","0,132075","0,321411"
36,18,mapped-by-core-mpi-openmp,2048 x 2048,"0,172854","8,89301e-05","0,133527","0,306474"
36,19,mapped-by-core-mpi-openmp,2048 x 2048,"0,16813","8,70228e-05","0,157687","0,325909"
36,20,mapped-by-core-mpi-openmp,2048 x 2048,"0,201578","8,2016e-05","0,163172","0,364836"
36,21,mapped-by-core-mpi-openmp,2048 x 2048,"0,220652","0,00462604","0,14064","0,365921"
36,22,mapped-by-core-mpi-openmp,2048 x 2048,"0,225989","8,79765e-05","0,171598","0,397679"
36,23,mapped-by-core-mpi-openmp,2048 x 2048,"0,220878","7,89165e-05","0,172544","0,393505"
36,24,mapped-by-core-mpi-openmp,2048 x 2048,"0,251116","8,91685e-05","0,175853","0,427062"
36,25,mapped-by-core-mpi-openmp,2048 x 2048,"0,240953","9,60827e-05","0,180815","0,421868"
36,26,mapped-by-core-mpi-openmp,2048 x 2048,"0,246275","8,2016e-05","0,214008","0,46037"
36,27,mapped-by-core-mpi-openmp,2048 x 2048,"0,274888","8,98838e-05","0,19621","0,471193"
36,28,mapped-by-core-mpi-openmp,2048 x 2048,"0,271125","9,89437e-05","0,197803","0,469032"
36,29,mapped-by-core-mpi-openmp,2048 x 2048,"0,276394","9,39369e-05","0,199713","0,476205"
36,30,mapped-by-core-mpi-openmp,2048 x 2048,"0,284941","8,58307e-05","0,203197","0,488227"
36,31,mapped-by-core-mpi-openmp,2048 x 2048,"0,282264","9,41753e-05","0,226482","0,508845"
36,32,mapped-by-core-mpi-openmp,2048 x 2048,"0,305134","8,79765e-05","0,220032","0,525259"
37,1,mapped-by-core-mpi-openmp,2048 x 2048,"0,0384011","9,20296e-05","0,0275779","0,066077"
37,2,mapped-by-core-mpi-openmp,2048 x 2048,"0,0329351","8,29697e-05","0,0456841","0,078706"
37,3,mapped-by-core-mpi-openmp,2048 x 2048,"0,05004","8,10623e-05","0,0438819","0,0940068"
37,4,mapped-by-core-mpi-openmp,2048 x 2048,"0,0725651","6,60419e-05","0,07058","0,143214"
37,5,mapped-by-core-mpi-openmp,2048 x 2048,"0,0914891","9,29832e-05","0,0529029","0,14449"
37,6,mapped-by-core-mpi-openmp,2048 x 2048,"0,0588751","8,51154e-05","0,0898559","0,148819"
37,7,mapped-by-core-mpi-openmp,2048 x 2048,"0,068913","6,8903e-05","0,0899661","0,158951"
37,8,mapped-by-core-mpi-openmp,2048 x 2048,"0,100088","8,2016e-05","0,0782299","0,178403"
37,9,mapped-by-core-mpi-openmp,2048 x 2048,"0,0863919","0,0163889","0,102263","0,205048"
37,10,mapped-by-core-mpi-openmp,2048 x 2048,"0,11725","8,79765e-05","0,116997","0,234338"
37,11,mapped-by-core-mpi-openmp,2048 x 2048,"0,108638","7,79629e-05","0,101733","0,210452"
37,12,mapped-by-core-mpi-openmp,2048 x 2048,"0,119338","8,89301e-05","0,107375","0,226806"
37,13,mapped-by-core-mpi-openmp,2048 x 2048,"0,130855","7,39098e-05","0,108384","0,239317"
37,14,mapped-by-core-mpi-openmp,2048 x 2048,"0,141046","8,60691e-05","0,117714","0,25885"
37,15,mapped-by-core-mpi-openmp,2048 x 2048,"0,151323","8,32081e-05","0,121455","0,272864"
37,16,mapped-by-core-mpi-openmp,2048 x 2048,"0,163993","8,39233e-05","0,138159","0,30224"
37,17,mapped-by-core-mpi-openmp,2048 x 2048,"0,176671","8,08239e-05","0,166347","0,343102"
37,18,mapped-by-core-mpi-openmp,2048 x 2048,"0,181497","9,20296e-05","0,158013","0,339606"
37,19,mapped-by-core-mpi-openmp,2048 x 2048,"0,211556","9,10759e-05","0,165347","0,376997"
37,20,mapped-by-core-mpi-openmp,2048 x 2048,"0,190223","8,51154e-05","0,167178","0,357489"
37,21,mapped-by-core-mpi-openmp,2048 x 2048,"0,216836","8,39233e-05","0,151103","0,368026"
37,22,mapped-by-core-mpi-openmp,2048 x 2048,"0,220844","8,41618e-05","0,17596","0,396892"
37,23,mapped-by-core-mpi-openmp,2048 x 2048,"0,219221","9,01222e-05","0,180938","0,400253"
37,24,mapped-by-core-mpi-openmp,2048 x 2048,"0,226454","7,98702e-05","0,179877","0,406415"
37,25,mapped-by-core-mpi-openmp,2048 x 2048,"0,230477","8,32081e-05","0,212913","0,443477"
37,26,mapped-by-core-mpi-openmp,2048 x 2048,"0,224235","9,20296e-05","0,200261","0,424593"
37,27,mapped-by-core-mpi-openmp,2048 x 2048,"0,265533","8,01086e-05","0,203725","0,469341"
37,28,mapped-by-core-mpi-openmp,2048 x 2048,"0,238445","7,79629e-05","0,219644","0,458171"
37,29,mapped-by-core-mpi-openmp,2048 x 2048,"0,298471","8,60691e-05","0,217459","0,51602"
37,30,mapped-by-core-mpi-openmp,2048 x 2048,"0,316708","8,91685e-05","0,219642","0,536442"
37,31,mapped-by-core-mpi-openmp,2048 x 2048,"0,262464","8,79765e-05","0,239462","0,502018"
37,32,mapped-by-core-mpi-openmp,2048 x 2048,"0,282918","8,70228e-05","0,263379","0,546387"
38,1,mapped-by-core-mpi-openmp,2048 x 2048,"0,0435061","8,39233e-05","0,0342221","0,077817"
38,2,mapped-by-core-mpi-openmp,2048 x 2048,"0,0678658","8,70228e-05","0,0402951","0,108252"
38,3,mapped-by-core-mpi-openmp,2048 x 2048,"0,049541","9,01222e-05","0,0427608","0,092396"
38,4,mapped-by-core-mpi-openmp,2048 x 2048,"0,0487721","0,00933218","0,0706389","0,128748"
38,5,mapped-by-core-mpi-openmp,2048 x 2048,"0,09218","8,70228e-05","0,0559521","0,148224"
38,6,mapped-by-core-mpi-openmp,2048 x 2048,"0,0831609","8,29697e-05","0,0704591","0,153706"
38,7,mapped-by-core-mpi-openmp,2048 x 2048,"0,103031","8,58307e-05","0,0703621","0,173485"
38,8,mapped-by-core-mpi-openmp,2048 x 2048,"0,0901978","0,000100136","0,109223","0,199524"
38,9,mapped-by-core-mpi-openmp,2048 x 2048,"0,0985699","0,002424","0,099474","0,200472"
38,10,mapped-by-core-mpi-openmp,2048 x 2048,"0,14977","9,10759e-05","0,101131","0,250995"
38,11,mapped-by-core-mpi-openmp,2048 x 2048,"0,120175","9,01222e-05","0,110201","0,23047"
38,12,mapped-by-core-mpi-openmp,2048 x 2048,"0,148385","9,20296e-05","0,123826","0,272306"
38,13,mapped-by-core-mpi-openmp,2048 x 2048,"0,149581","9,39369e-05","0,118106","0,267785"
38,14,mapped-by-core-mpi-openmp,2048 x 2048,"0,186119","9,08375e-05","0,123855","0,310069"
38,15,mapped-by-core-mpi-openmp,2048 x 2048,"0,159282","9,32217e-05","0,133298","0,292678"
38,16,mapped-by-core-mpi-openmp,2048 x 2048,"0,17438","9,01222e-05","0,133794","0,308268"
38,17,mapped-by-core-mpi-openmp,2048 x 2048,"0,169331","8,91685e-05","0,133787","0,303211"
38,18,mapped-by-core-mpi-openmp,2048 x 2048,"0,183363","7,41482e-05","0,148493","0,331933"
38,19,mapped-by-core-mpi-openmp,2048 x 2048,"0,192793","7,89165e-05","0,159747","0,352623"
38,20,mapped-by-core-mpi-openmp,2048 x 2048,"0,207638","0,007092","0,166694","0,381428"
38,21,mapped-by-core-mpi-openmp,2048 x 2048,"0,231939","0,00711393","0,151611","0,390667"
38,22,mapped-by-core-mpi-openmp,2048 x 2048,"0,241714","9,08375e-05","0,178127","0,419935"
38,23,mapped-by-core-mpi-openmp,2048 x 2048,"0,239218","8,79765e-05","0,170274","0,409585"
38,24,mapped-by-core-mpi-openmp,2048 x 2048,"0,245975","8,79765e-05","0,167558","0,413624"
38,25,mapped-by-core-mpi-openmp,2048 x 2048,"0,240427","8,2016e-05","0,193995","0,434509"
38,26,mapped-by-core-mpi-openmp,2048 x 2048,"0,231246","0,0046351","0,184221","0,420106"
38,27,mapped-by-core-mpi-openmp,2048 x 2048,"0,244114","9,70364e-05","0,200895","0,445109"
38,28,mapped-by-core-mpi-openmp,2048 x 2048,"0,27001","8,51154e-05","0,181776","0,451875"
38,29,mapped-by-core-mpi-openmp,2048 x 2048,"0,295061","9,29832e-05","0,224412","0,519571"
38,30,mapped-by-core-mpi-openmp,2048 x 2048,"0,291185","8,89301e-05","0,208962","0,500241"
38,31,mapped-by-core-mpi-openmp,2048 x 2048,"0,313198","8,70228e-05","0,228839","0,542127"
38,32,mapped-by-core-mpi-openmp,2048 x 2048,"0,326878","0,048929","0,174839","0,55065"
39,1,mapped-by-core-mpi-openmp,2048 x 2048,"0,065177","8,4877e-05","0,0576851","0,122951"
39,2,mapped-by-core-mpi-openmp,2048 x 2048,"0,0429759","8,70228e-05","0,0464282","0,0894961"
39,3,mapped-by-core-mpi-openmp,2048 x 2048,"0,0484118","8,91685e-05","0,0527239","0,101231"
39,4,mapped-by-core-mpi-openmp,2048 x 2048,"0,0757811","8,70228e-05","0,0551829","0,131054"
39,5,mapped-by-core-mpi-openmp,2048 x 2048,"0,0633259","8,91685e-05","0,0983059","0,161724"
39,6,mapped-by-core-mpi-openmp,2048 x 2048,"0,0919778","8,60691e-05","0,0858059","0,177874"
39,7,mapped-by-core-mpi-openmp,2048 x 2048,"0,086787","8,70228e-05","0,0793939","0,166271"
39,8,mapped-by-core-mpi-openmp,2048 x 2048,"0,112026","9,29832e-05","0,087378","0,199501"
39,9,mapped-by-core-mpi-openmp,2048 x 2048,"0,119953","8,4877e-05","0,0966201","0,216661"
39,10,mapped-by-core-mpi-openmp,2048 x 2048,"0,109784","8,60691e-05","0,1137","0,223574"
39,11,mapped-by-core-mpi-openmp,2048 x 2048,"0,115691","7,89165e-05","0,105794","0,221568"
39,12,mapped-by-core-mpi-openmp,2048 x 2048,"0,11663","8,79765e-05","0,133821","0,250542"
39,13,mapped-by-core-mpi-openmp,2048 x 2048,"0,153132","8,39233e-05","0,126284","0,279503"
39,14,mapped-by-core-mpi-openmp,2048 x 2048,"0,155104","7,48634e-05","0,135171","0,290354"
39,15,mapped-by-core-mpi-openmp,2048 x 2048,"0,149753","8,4877e-05","0,12379","0,273633"
39,16,mapped-by-core-mpi-openmp,2048 x 2048,"0,170921","8,41618e-05","0,146309","0,317317"
39,17,mapped-by-core-mpi-openmp,2048 x 2048,"0,197824","9,98974e-05","0,153048","0,350978"
39,18,mapped-by-core-mpi-openmp,2048 x 2048,"0,17093","9,39369e-05","0,156236","0,327266"
39,19,mapped-by-core-mpi-openmp,2048 x 2048,"0,194723","8,70228e-05","0,15446","0,349274"
39,20,mapped-by-core-mpi-openmp,2048 x 2048,"0,190232","9,39369e-05","0,197585","0,387923"
39,21,mapped-by-core-mpi-openmp,2048 x 2048,"0,197308","8,60691e-05","0,181447","0,378845"
39,22,mapped-by-core-mpi-openmp,2048 x 2048,"0,220238","7,79629e-05","0,165962","0,386281"
39,23,mapped-by-core-mpi-openmp,2048 x 2048,"0,217684","7,79629e-05","0,180632","0,398397"
39,24,mapped-by-core-mpi-openmp,2048 x 2048,"0,261658","8,70228e-05","0,183458","0,445207"
39,25,mapped-by-core-mpi-openmp,2048 x 2048,"0,242332","9,10759e-05","0,20293","0,445356"
39,26,mapped-by-core-mpi-openmp,2048 x 2048,"0,258359","8,91685e-05","0,23574","0,494191"
39,27,mapped-by-core-mpi-openmp,2048 x 2048,"0,254237","8,51154e-05","0,201964","0,456291"
39,28,mapped-by-core-mpi-openmp,2048 x 2048,"0,268291","8,89301e-05","0,215038","0,483422"
39,29,mapped-by-core-mpi-openmp,2048 x 2048,"0,280736","9,39369e-05","0,212641","0,493475"
39,30,mapped-by-core-mpi-openmp,2048 x 2048,"0,271078","0,0114341","0,223522","0,506038"
39,31,mapped-by-core-mpi-openmp,2048 x 2048,"0,311733","8,60691e-05","0,224132","0,535954"
39,32,mapped-by-core-mpi-openmp,2048 x 2048,"0,303926","8,29697e-05","0,228729","0,532744"
40,1,mapped-by-core-mpi-openmp,2048 x 2048,"0,0467222","8,58307e-05","0,0373032","0,084115"
40,2,mapped-by-core-mpi-openmp,2048 x 2048,"0,0453222","7,89165e-05","0,052438","0,0978429"
40,3,mapped-by-core-mpi-openmp,2048 x 2048,"0,071764","9,5129e-05","0,0596328","0,131495"
40,4,mapped-by-core-mpi-openmp,2048 x 2048,"0,0639801","8,58307e-05","0,0672221","0,131292"
40,5,mapped-by-core-mpi-openmp,2048 x 2048,"0,0919549","8,89301e-05","0,0803931","0,17244"
40,6,mapped-by-core-mpi-openmp,2048 x 2048,"0,0782101","8,2016e-05","0,0798581","0,158154"
40,7,mapped-by-core-mpi-openmp,2048 x 2048,"0,0874472","9,48906e-05","0,0895782","0,177124"
40,8,mapped-by-core-mpi-openmp,2048 x 2048,"0,0966241","8,98838e-05","0,103303","0,200021"
40,9,mapped-by-core-mpi-openmp,2048 x 2048,"0,122612","0,00483108","0,103143","0,23059"
40,10,mapped-by-core-mpi-openmp,2048 x 2048,"0,120928","8,41618e-05","0,107819","0,228834"
40,11,mapped-by-core-mpi-openmp,2048 x 2048,"0,147907","9,91821e-05","0,107632","0,255641"
40,12,mapped-by-core-mpi-openmp,2048 x 2048,"0,162461","8,82149e-05","0,112421","0,274973"
40,13,mapped-by-core-mpi-openmp,2048 x 2048,"0,132477","8,41618e-05","0,129442","0,262007"
40,14,mapped-by-core-mpi-openmp,2048 x 2048,"0,148699","8,60691e-05","0,115331","0,264122"
40,15,mapped-by-core-mpi-openmp,2048 x 2048,"0,148748","9,01222e-05","0,154532","0,303373"
40,16,mapped-by-core-mpi-openmp,2048 x 2048,"0,203149","8,60691e-05","0,168095","0,371333"
40,17,mapped-by-core-mpi-openmp,2048 x 2048,"0,18306","8,10623e-05","0,163067","0,346212"
40,18,mapped-by-core-mpi-openmp,2048 x 2048,"0,204537","7,29561e-05","0,1663","0,370913"
40,19,mapped-by-core-mpi-openmp,2048 x 2048,"0,181327","8,58307e-05","0,159126","0,340543"
40,20,mapped-by-core-mpi-openmp,2048 x 2048,"0,201531","8,70228e-05","0,195038","0,39666"
40,21,mapped-by-core-mpi-openmp,2048 x 2048,"0,202334","7,89165e-05","0,224981","0,427398"
40,22,mapped-by-core-mpi-openmp,2048 x 2048,"0,217581","0,00465798","0,159019","0,381262"
40,23,mapped-by-core-mpi-openmp,2048 x 2048,"0,213088","8,60691e-05","0,184514","0,397694"
40,24,mapped-by-core-mpi-openmp,2048 x 2048,"0,275152","7,29561e-05","0,164951","0,44018"
40,25,mapped-by-core-mpi-openmp,2048 x 2048,"0,228096","8,79765e-05","0,1822","0,410388"
40,26,mapped-by-core-mpi-openmp,2048 x 2048,"0,280899","8,01086e-05","0,201862","0,482844"
40,27,mapped-by-core-mpi-openmp,2048 x 2048,"0,252961","8,41618e-05","0,208719","0,461769"
40,28,mapped-by-core-mpi-openmp,2048 x 2048,"0,27006","8,79765e-05","0,219242","0,489395"
40,29,mapped-by-core-mpi-openmp,2048 x 2048,"0,290665","9,799e-05","0,245546","0,536312"
40,30,mapped-by-core-mpi-openmp,2048 x 2048,"0,261517","9,01222e-05","0,217734","0,479344"
40,31,mapped-by-core-mpi-openmp,2048 x 2048,"0,308207","8,79765e-05","0,227635","0,535935"
40,32,mapped-by-core-mpi-openmp,2048 x 2048,"0,28555","9,01222e-05","0,236817","0,522461"
41,1,mapped-by-core-mpi-openmp,2048 x 2048,"0,0705218","8,79765e-05","0,049829","0,120443"
41,2,mapped-by-core-mpi-openmp,2048 x 2048,"0,0455348","8,70228e-05","0,0665951","0,11222"
41,3,mapped-by-core-mpi-openmp,2048 x 2048,"0,0780339","9,20296e-05","0,056412","0,134542"
41,4,mapped-by-core-mpi-openmp,2048 x 2048,"0,05935","7,41482e-05","0,0817981","0,141227"
41,5,mapped-by-core-mpi-openmp,2048 x 2048,"0,0758688","8,82149e-05","0,0795269","0,15549"
41,6,mapped-by-core-mpi-openmp,2048 x 2048,"0,086231","9,5129e-05","0,074996","0,161327"
41,7,mapped-by-core-mpi-openmp,2048 x 2048,"0,0831909","9,41753e-05","0,105714","0,189003"
41,8,mapped-by-core-mpi-openmp,2048 x 2048,"0,108276","8,4877e-05","0,091629","0,199994"
41,9,mapped-by-core-mpi-openmp,2048 x 2048,"0,091562","8,89301e-05","0,102798","0,194455"
41,10,mapped-by-core-mpi-openmp,2048 x 2048,"0,156074","8,70228e-05","0,0968959","0,25306"
41,11,mapped-by-core-mpi-openmp,2048 x 2048,"0,126714","8,39233e-05","0,118859","0,245661"
41,12,mapped-by-core-mpi-openmp,2048 x 2048,"0,168114","0,00695086","0,102595","0,277664"
41,13,mapped-by-core-mpi-openmp,2048 x 2048,"0,157801","8,70228e-05","0,12945","0,287343"
41,14,mapped-by-core-mpi-openmp,2048 x 2048,"0,15825","8,82149e-05","0,122939","0,28128"
41,15,mapped-by-core-mpi-openmp,2048 x 2048,"0,18475","8,2016e-05","0,137565","0,322402"
41,16,mapped-by-core-mpi-openmp,2048 x 2048,"0,197479","8,89301e-05","0,158477","0,356049"
41,17,mapped-by-core-mpi-openmp,2048 x 2048,"0,197904","8,58307e-05","0,16025","0,358244"
41,18,mapped-by-core-mpi-openmp,2048 x 2048,"0,180348","8,41618e-05","0,148893","0,32933"
41,19,mapped-by-core-mpi-openmp,2048 x 2048,"0,163823","8,79765e-05","0,178714","0,342629"
41,20,mapped-by-core-mpi-openmp,2048 x 2048,"0,198827","7,60555e-05","0,199074","0,39798"
41,21,mapped-by-core-mpi-openmp,2048 x 2048,"0,209975","9,20296e-05","0,184706","0,394777"
41,22,mapped-by-core-mpi-openmp,2048 x 2048,"0,208079","8,98838e-05","0,168325","0,376499"
41,23,mapped-by-core-mpi-openmp,2048 x 2048,"0,223115","8,89301e-05","0,195711","0,418921"
41,24,mapped-by-core-mpi-openmp,2048 x 2048,"0,244195","8,79765e-05","0,212626","0,456911"
41,25,mapped-by-core-mpi-openmp,2048 x 2048,"0,255936","8,89301e-05","0,184381","0,44041"
41,26,mapped-by-core-mpi-openmp,2048 x 2048,"0,23989","8,29697e-05","0,248165","0,488143"
41,27,mapped-by-core-mpi-openmp,2048 x 2048,"0,284981","8,98838e-05","0,208839","0,493914"
41,28,mapped-by-core-mpi-openmp,2048 x 2048,"0,295795","8,70228e-05","0,205363","0,501248"
41,29,mapped-by-core-mpi-openmp,2048 x 2048,"0,268054","0,000103235","0,232151","0,500314"
41,30,mapped-by-core-mpi-openmp,2048 x 2048,"0,32035","8,82149e-05","0,223043","0,543484"
41,31,mapped-by-core-mpi-openmp,2048 x 2048,"0,327223","9,01222e-05","0,230364","0,557681"
41,32,mapped-by-core-mpi-openmp,2048 x 2048,"0,314102","8,89301e-05","0,242231","0,556425"
42,1,mapped-by-core-mpi-openmp,2048 x 2048,"0,054389","6,50883e-05","0,055696","0,110153"
42,2,mapped-by-core-mpi-openmp,2048 x 2048,"0,055686","8,79765e-05","0,0686722","0,124449"
42,3,mapped-by-core-mpi-openmp,2048 x 2048,"0,0544622","8,58307e-05","0,057296","0,111848"
42,4,mapped-by-core-mpi-openmp,2048 x 2048,"0,0582211","8,29697e-05","0,077045","0,135352"
42,5,mapped-by-core-mpi-openmp,2048 x 2048,"0,0666139","8,29697e-05","0,082288","0,14899"
42,6,mapped-by-core-mpi-openmp,2048 x 2048,"0,087781","9,01222e-05","0,0929711","0,180848"
42,7,mapped-by-core-mpi-openmp,2048 x 2048,"0,112437","8,70228e-05","0,079741","0,192269"
42,8,mapped-by-core-mpi-openmp,2048 x 2048,"0,103295","8,10623e-05","0,102668","0,206048"
42,9,mapped-by-core-mpi-openmp,2048 x 2048,"0,115093","8,60691e-05","0,11361","0,228794"
42,10,mapped-by-core-mpi-openmp,2048 x 2048,"0,120411","8,2016e-05","0,133439","0,253936"
42,11,mapped-by-core-mpi-openmp,2048 x 2048,"0,12155","8,58307e-05","0,10027","0,221909"
42,12,mapped-by-core-mpi-openmp,2048 x 2048,"0,124504","8,70228e-05","0,12902","0,253615"
42,13,mapped-by-core-mpi-openmp,2048 x 2048,"0,156478","7,39098e-05","0,145387","0,301943"
42,14,mapped-by-core-mpi-openmp,2048 x 2048,"0,160761","8,91685e-05","0,153233","0,314086"
42,15,mapped-by-core-mpi-openmp,2048 x 2048,"0,152768","0,00702715","0,138968","0,298766"
42,16,mapped-by-core-mpi-openmp,2048 x 2048,"0,141569","7,98702e-05","0,161782","0,303435"
42,17,mapped-by-core-mpi-openmp,2048 x 2048,"0,173544","8,60691e-05","0,141906","0,31554"
42,18,mapped-by-core-mpi-openmp,2048 x 2048,"0,1881","7,89165e-05","0,155167","0,343349"
42,19,mapped-by-core-mpi-openmp,2048 x 2048,"0,183462","7,70092e-05","0,154754","0,338296"
42,20,mapped-by-core-mpi-openmp,2048 x 2048,"0,203196","9,799e-05","0,170292","0,37359"
42,21,mapped-by-core-mpi-openmp,2048 x 2048,"0,228926","8,08239e-05","0,199995","0,429006"
42,22,mapped-by-core-mpi-openmp,2048 x 2048,"0,2422","7,39098e-05","0,177104","0,419382"
42,23,mapped-by-core-mpi-openmp,2048 x 2048,"0,22837","7,9155e-05","0,181585","0,410039"
42,24,mapped-by-core-mpi-openmp,2048 x 2048,"0,240587","8,60691e-05","0,181898","0,422578"
42,25,mapped-by-core-mpi-openmp,2048 x 2048,"0,254166","7,70092e-05","0,211599","0,465845"
42,26,mapped-by-core-mpi-openmp,2048 x 2048,"0,274743","8,98838e-05","0,215291","0,490128"
42,27,mapped-by-core-mpi-openmp,2048 x 2048,"0,337434","8,58307e-05","0,237419","0,574942"
42,28,mapped-by-core-mpi-openmp,2048 x 2048,"0,267658","9,01222e-05","0,214531","0,482282"
42,29,mapped-by-core-mpi-openmp,2048 x 2048,"0,282632","8,29697e-05","0,208833","0,491552"
42,30,mapped-by-core-mpi-openmp,2048 x 2048,"0,290375","9,20296e-05","0,235697","0,526168"
42,31,mapped-by-core-mpi-openmp,2048 x 2048,"0,296999","9,41753e-05","0,26167","0,558766"
42,32,mapped-by-core-mpi-openmp,2048 x 2048,"0,342073","8,70228e-05","0,239721","0,581885"
43,1,mapped-by-core-mpi-openmp,2048 x 2048,"0,064914","7,89165e-05","0,0583079","0,123305"
43,2,mapped-by-core-mpi-openmp,2048 x 2048,"0,0560019","8,79765e-05","0,0548892","0,110984"
43,3,mapped-by-core-mpi-openmp,2048 x 2048,"0,0621521","8,4877e-05","0,0643001","0,126541"
43,4,mapped-by-core-mpi-openmp,2048 x 2048,"0,0769939","8,70228e-05","0,0680799","0,145167"
43,5,mapped-by-core-mpi-openmp,2048 x 2048,"0,107753","8,79765e-05","0,0895879","0,197432"
43,6,mapped-by-core-mpi-openmp,2048 x 2048,"0,080575","8,51154e-05","0,0793009","0,159964"
43,7,mapped-by-core-mpi-openmp,2048 x 2048,"0,0993261","8,60691e-05","0,105111","0,204526"
43,8,mapped-by-core-mpi-openmp,2048 x 2048,"0,124846","8,39233e-05","0,0981531","0,223086"
43,9,mapped-by-core-mpi-openmp,2048 x 2048,"0,12096","7,29561e-05","0,108374","0,22941"
43,10,mapped-by-core-mpi-openmp,2048 x 2048,"0,135164","8,10623e-05","0,121533","0,256781"
43,11,mapped-by-core-mpi-openmp,2048 x 2048,"0,15149","8,98838e-05","0,122876","0,27446"
43,12,mapped-by-core-mpi-openmp,2048 x 2048,"0,133598","9,29832e-05","0,136709","0,270403"
43,13,mapped-by-core-mpi-openmp,2048 x 2048,"0,140648","8,51154e-05","0,134683","0,275421"
43,14,mapped-by-core-mpi-openmp,2048 x 2048,"0,145728","8,58307e-05","0,166436","0,312254"
43,15,mapped-by-core-mpi-openmp,2048 x 2048,"0,186213","8,79765e-05","0,166158","0,352462"
43,16,mapped-by-core-mpi-openmp,2048 x 2048,"0,17581","8,98838e-05","0,157455","0,333359"
43,17,mapped-by-core-mpi-openmp,2048 x 2048,"0,172884","8,82149e-05","0,185376","0,358351"
43,18,mapped-by-core-mpi-openmp,2048 x 2048,"0,203444","9,39369e-05","0,183143","0,386684"
43,19,mapped-by-core-mpi-openmp,2048 x 2048,"0,191072","9,58443e-05","0,166681","0,357852"
43,20,mapped-by-core-mpi-openmp,2048 x 2048,"0,19039","8,4877e-05","0,184719","0,375198"
43,21,mapped-by-core-mpi-openmp,2048 x 2048,"0,204737","8,51154e-05","0,173797","0,378622"
43,22,mapped-by-core-mpi-openmp,2048 x 2048,"0,198462","8,17776e-05","0,178479","0,377025"
43,23,mapped-by-core-mpi-openmp,2048 x 2048,"0,242312","8,79765e-05","0,192085","0,43449"
43,24,mapped-by-core-mpi-openmp,2048 x 2048,"0,218175","0,00700307","0,218914","0,444098"
43,25,mapped-by-core-mpi-openmp,2048 x 2048,"0,240445","8,89301e-05","0,194495","0,435032"
43,26,mapped-by-core-mpi-openmp,2048 x 2048,"0,282798","8,91685e-05","0,221232","0,504123"
43,27,mapped-by-core-mpi-openmp,2048 x 2048,"0,26674","8,51154e-05","0,219189","0,486018"
43,28,mapped-by-core-mpi-openmp,2048 x 2048,"0,279859","9,10759e-05","0,194081","0,474034"
43,29,mapped-by-core-mpi-openmp,2048 x 2048,"0,289006","8,39233e-05","0,216698","0,505791"
43,30,mapped-by-core-mpi-openmp,2048 x 2048,"0,278904","9,98974e-05","0,227852","0,506861"
43,31,mapped-by-core-mpi-openmp,2048 x 2048,"0,301094","8,60691e-05","0,232383","0,533567"
43,32,mapped-by-core-mpi-openmp,2048 x 2048,"0,313193","9,39369e-05","0,234523","0,547813"
44,1,mapped-by-core-mpi-openmp,2048 x 2048,"0,0794771","8,39233e-05","0,0770111","0,156577"
44,2,mapped-by-core-mpi-openmp,2048 x 2048,"0,0598519","0,000100136","0,062047","0,122003"
44,3,mapped-by-core-mpi-openmp,2048 x 2048,"0,0680289","8,70228e-05","0,065403","0,133523"
44,4,mapped-by-core-mpi-openmp,2048 x 2048,"0,0870149","7,70092e-05","0,0724699","0,159565"
44,5,mapped-by-core-mpi-openmp,2048 x 2048,"0,08728","9,01222e-05","0,0797288","0,167103"
44,6,mapped-by-core-mpi-openmp,2048 x 2048,"0,114937","8,70228e-05","0,075937","0,190965"
44,7,mapped-by-core-mpi-openmp,2048 x 2048,"0,130781","6,69956e-05","0,094882","0,225733"
44,8,mapped-by-core-mpi-openmp,2048 x 2048,"0,0988948","8,91685e-05","0,126829","0,225818"
44,9,mapped-by-core-mpi-openmp,2048 x 2048,"0,117595","8,60691e-05","0,129584","0,247269"
44,10,mapped-by-core-mpi-openmp,2048 x 2048,"0,145127","8,91685e-05","0,096889","0,242109"
44,11,mapped-by-core-mpi-openmp,2048 x 2048,"0,140965","7,89165e-05","0,134103","0,27515"
44,12,mapped-by-core-mpi-openmp,2048 x 2048,"0,171988","8,51154e-05","0,136101","0,308179"
44,13,mapped-by-core-mpi-openmp,2048 x 2048,"0,140553","8,89301e-05","0,137199","0,277844"
44,14,mapped-by-core-mpi-openmp,2048 x 2048,"0,177799","0,00474","0,131059","0,313602"
44,15,mapped-by-core-mpi-openmp,2048 x 2048,"0,167576","7,79629e-05","0,13399","0,301649"
44,16,mapped-by-core-mpi-openmp,2048 x 2048,"0,176309","8,10623e-05","0,148369","0,324764"
44,17,mapped-by-core-mpi-openmp,2048 x 2048,"0,183988","8,79765e-05","0,168849","0,352928"
44,18,mapped-by-core-mpi-openmp,2048 x 2048,"0,190886","8,60691e-05","0,163863","0,354838"
44,19,mapped-by-core-mpi-openmp,2048 x 2048,"0,208655","8,29697e-05","0,166559","0,3753"
44,20,mapped-by-core-mpi-openmp,2048 x 2048,"0,205407","7,70092e-05","0,190388","0,395875"
44,21,mapped-by-core-mpi-openmp,2048 x 2048,"0,229321","8,60691e-05","0,178382","0,407794"
44,22,mapped-by-core-mpi-openmp,2048 x 2048,"0,234181","9,98974e-05","0,186911","0,421196"
44,23,mapped-by-core-mpi-openmp,2048 x 2048,"0,255023","8,29697e-05","0,200965","0,456075"
44,24,mapped-by-core-mpi-openmp,2048 x 2048,"0,240449","0,0418251","0,167663","0,449941"
44,25,mapped-by-core-mpi-openmp,2048 x 2048,"0,244746","8,70228e-05","0,202432","0,447271"
44,26,mapped-by-core-mpi-openmp,2048 x 2048,"0,289208","8,91685e-05","0,225086","0,514386"
44,27,mapped-by-core-mpi-openmp,2048 x 2048,"0,266996","0,0253811","0,168272","0,460652"
44,28,mapped-by-core-mpi-openmp,2048 x 2048,"0,28286","7,98702e-05","0,241213","0,524158"
44,29,mapped-by-core-mpi-openmp,2048 x 2048,"0,287138","9,39369e-05","0,232764","0,52"
44,30,mapped-by-core-mpi-openmp,2048 x 2048,"0,312318","8,51154e-05","0,216886","0,529292"
44,31,mapped-by-core-mpi-openmp,2048 x 2048,"0,328522","9,10759e-05","0,22071","0,549326"
44,32,mapped-by-core-mpi-openmp,2048 x 2048,"0,332091","8,89301e-05","0,23822","0,570406"
45,1,mapped-by-core-mpi-openmp,2048 x 2048,"0,054781","8,41618e-05","0,048991","0,103862"
45,2,mapped-by-core-mpi-openmp,2048 x 2048,"0,075017","8,70228e-05","0,08108","0,156188"
45,3,mapped-by-core-mpi-openmp,2048 x 2048,"0,058228","8,4877e-05","0,0689731","0,12729"
45,4,mapped-by-core-mpi-openmp,2048 x 2048,"0,085268","7,9155e-05","0,0828369","0,168188"
45,5,mapped-by-core-mpi-openmp,2048 x 2048,"0,095962","8,60691e-05","0,078562","0,174615"
45,6,mapped-by-core-mpi-openmp,2048 x 2048,"0,077657","8,79765e-05","0,101358","0,179108"
45,7,mapped-by-core-mpi-openmp,2048 x 2048,"0,121485","9,67979e-05","0,096514","0,218099"
45,8,mapped-by-core-mpi-openmp,2048 x 2048,"0,119219","0,00713801","0,108528","0,234888"
45,9,mapped-by-core-mpi-openmp,2048 x 2048,"0,116205","8,98838e-05","0,119533","0,235832"
45,10,mapped-by-core-mpi-openmp,2048 x 2048,"0,124875","8,89301e-05","0,111787","0,236755"
45,11,mapped-by-core-mpi-openmp,2048 x 2048,"0,139316","0,000100136","0,138516","0,277936"
45,12,mapped-by-core-mpi-openmp,2048 x 2048,"0,158068","0,020834","0,10481","0,283715"
45,13,mapped-by-core-mpi-openmp,2048 x 2048,"0,169659","8,70228e-05","0,16709","0,336839"
45,14,mapped-by-core-mpi-openmp,2048 x 2048,"0,179405","8,60691e-05","0,137189","0,316685"
45,15,mapped-by-core-mpi-openmp,2048 x 2048,"0,209866","7,98702e-05","0,157873","0,367822"
45,16,mapped-by-core-mpi-openmp,2048 x 2048,"0,177722","8,41618e-05","0,158012","0,335823"
45,17,mapped-by-core-mpi-openmp,2048 x 2048,"0,151354","8,70228e-05","0,167918","0,319362"
45,18,mapped-by-core-mpi-openmp,2048 x 2048,"0,198377","8,2016e-05","0,164477","0,362941"
45,19,mapped-by-core-mpi-openmp,2048 x 2048,"0,210437","8,39233e-05","0,178748","0,389272"
45,20,mapped-by-core-mpi-openmp,2048 x 2048,"0,22219","8,29697e-05","0,169763","0,39204"
45,21,mapped-by-core-mpi-openmp,2048 x 2048,"0,252528","8,79765e-05","0,186503","0,439122"
45,22,mapped-by-core-mpi-openmp,2048 x 2048,"0,248577","0,016356","0,167482","0,43242"
45,23,mapped-by-core-mpi-openmp,2048 x 2048,"0,236293","9,10759e-05","0,204247","0,440633"
45,24,mapped-by-core-mpi-openmp,2048 x 2048,"0,249931","8,91685e-05","0,210788","0,460812"
45,25,mapped-by-core-mpi-openmp,2048 x 2048,"0,241524","0,0275171","0,18359","0,452635"
45,26,mapped-by-core-mpi-openmp,2048 x 2048,"0,262474","9,01222e-05","0,217359","0,479928"
45,27,mapped-by-core-mpi-openmp,2048 x 2048,"0,28384","8,2016e-05","0,20085","0,484776"
45,28,mapped-by-core-mpi-openmp,2048 x 2048,"0,328542","0,0480001","0,191731","0,568278"
45,29,mapped-by-core-mpi-openmp,2048 x 2048,"0,305366","8,89301e-05","0,232621","0,538081"
45,30,mapped-by-core-mpi-openmp,2048 x 2048,"0,309851","9,01222e-05","0,220527","0,530472"
45,31,mapped-by-core-mpi-openmp,2048 x 2048,"0,321448","0,013905","0,23656","0,571918"
45,32,mapped-by-core-mpi-openmp,2048 x 2048,"0,362508","7,79629e-05","0,240454","0,603044"
46,1,mapped-by-core-mpi-openmp,2048 x 2048,"0,067277","8,70228e-05","0,056175","0,123542"
46,2,mapped-by-core-mpi-openmp,2048 x 2048,"0,0783901","0,000123024","0,0695829","0,148101"
46,3,mapped-by-core-mpi-openmp,2048 x 2048,"0,0817208","8,60691e-05","0,0823481","0,164159"
46,4,mapped-by-core-mpi-openmp,2048 x 2048,"0,0797319","8,60691e-05","0,115785","0,195606"
46,5,mapped-by-core-mpi-openmp,2048 x 2048,"0,0793302","8,98838e-05","0,0966091","0,176033"
46,6,mapped-by-core-mpi-openmp,2048 x 2048,"0,0952652","6,69956e-05","0,107986","0,203321"
46,7,mapped-by-core-mpi-openmp,2048 x 2048,"0,0984249","9,29832e-05","0,0950291","0,193551"
46,8,mapped-by-core-mpi-openmp,2048 x 2048,"0,114821","8,60691e-05","0,110233","0,225144"
46,9,mapped-by-core-mpi-openmp,2048 x 2048,"0,152458","8,4877e-05","0,102769","0,255315"
46,10,mapped-by-core-mpi-openmp,2048 x 2048,"0,132255","8,79765e-05","0,131048","0,263395"
46,11,mapped-by-core-mpi-openmp,2048 x 2048,"0,194722","8,79765e-05","0,139449","0,334262"
46,12,mapped-by-core-mpi-openmp,2048 x 2048,"0,12191","0,00949502","0,138566","0,269974"
46,13,mapped-by-core-mpi-openmp,2048 x 2048,"0,143496","8,41618e-05","0,124182","0,267766"
46,14,mapped-by-core-mpi-openmp,2048 x 2048,"0,169292","8,70228e-05","0,152127","0,321509"
46,15,mapped-by-core-mpi-openmp,2048 x 2048,"0,177645","8,98838e-05","0,171722","0,34946"
46,16,mapped-by-core-mpi-openmp,2048 x 2048,"0,190925","8,89301e-05","0,177467","0,368484"
46,17,mapped-by-core-mpi-openmp,2048 x 2048,"0,213735","8,2016e-05","0,185547","0,399367"
46,18,mapped-by-core-mpi-openmp,2048 x 2048,"0,201295","8,29697e-05","0,179065","0,380446"
46,19,mapped-by-core-mpi-openmp,2048 x 2048,"0,229578","9,10759e-05","0,198598","0,42827"
46,20,mapped-by-core-mpi-openmp,2048 x 2048,"0,218665","8,4877e-05","0,199588","0,418343"
46,21,mapped-by-core-mpi-openmp,2048 x 2048,"0,238518","8,4877e-05","0,194516","0,433123"
46,22,mapped-by-core-mpi-openmp,2048 x 2048,"0,230609","8,41618e-05","0,192657","0,423353"
46,23,mapped-by-core-mpi-openmp,2048 x 2048,"0,237799","8,89301e-05","0,208363","0,446255"
46,24,mapped-by-core-mpi-openmp,2048 x 2048,"0,261698","8,10623e-05","0,216023","0,477805"
46,25,mapped-by-core-mpi-openmp,2048 x 2048,"0,278989","8,70228e-05","0,243129","0,522209"
46,26,mapped-by-core-mpi-openmp,2048 x 2048,"0,254339","7,98702e-05","0,204451","0,458873"
46,27,mapped-by-core-mpi-openmp,2048 x 2048,"0,278284","9,32217e-05","0,234601","0,512984"
46,28,mapped-by-core-mpi-openmp,2048 x 2048,"0,296821","8,79765e-05","0,250421","0,547333"
46,29,mapped-by-core-mpi-openmp,2048 x 2048,"0,304124","8,51154e-05","0,216827","0,521041"
46,30,mapped-by-core-mpi-openmp,2048 x 2048,"0,337272","0,000103951","0,242489","0,579869"
46,31,mapped-by-core-mpi-openmp,2048 x 2048,"0,30452","0,000100136","0,321827","0,62645"
46,32,mapped-by-core-mpi-openmp,2048 x 2048,"0,340947","8,29697e-05","0,234832","0,575865"
47,1,mapped-by-core-mpi-openmp,2048 x 2048,"0,064539","9,39369e-05","0,0581851","0,122822"
47,2,mapped-by-core-mpi-openmp,2048 x 2048,"0,0696559","7,41482e-05","0,061187","0,130921"
47,3,mapped-by-core-mpi-openmp,2048 x 2048,"0,066484","8,39233e-05","0,0670419","0,133615"
47,4,mapped-by-core-mpi-openmp,2048 x 2048,"0,0658262","9,20296e-05","0,110505","0,176428"
47,5,mapped-by-core-mpi-openmp,2048 x 2048,"0,085731","0,0048039","0,09249","0,183028"
47,6,mapped-by-core-mpi-openmp,2048 x 2048,"0,110076","9,20296e-05","0,085376","0,195547"
47,7,mapped-by-core-mpi-openmp,2048 x 2048,"0,107253","0,00719404","0,11295","0,227401"
47,8,mapped-by-core-mpi-openmp,2048 x 2048,"0,122245","6,60419e-05","0,117766","0,24008"
47,9,mapped-by-core-mpi-openmp,2048 x 2048,"0,120026","8,89301e-05","0,133158","0,253277"
47,10,mapped-by-core-mpi-openmp,2048 x 2048,"0,139603","8,70228e-05","0,124732","0,264426"
47,11,mapped-by-core-mpi-openmp,2048 x 2048,"0,135231","8,79765e-05","0,12245","0,257772"
47,12,mapped-by-core-mpi-openmp,2048 x 2048,"0,14359","8,32081e-05","0,159283","0,30296"
47,13,mapped-by-core-mpi-openmp,2048 x 2048,"0,166748","9,29832e-05","0,157258","0,324103"
47,14,mapped-by-core-mpi-openmp,2048 x 2048,"0,152592","8,70228e-05","0,188494","0,341178"
47,15,mapped-by-core-mpi-openmp,2048 x 2048,"0,146385","7,82013e-05","0,166019","0,312485"
47,16,mapped-by-core-mpi-openmp,2048 x 2048,"0,168861","8,41618e-05","0,17165","0,340598"
47,17,mapped-by-core-mpi-openmp,2048 x 2048,"0,197629","8,39233e-05","0,172415","0,370131"
47,18,mapped-by-core-mpi-openmp,2048 x 2048,"0,202538","8,89301e-05","0,184859","0,387489"
47,19,mapped-by-core-mpi-openmp,2048 x 2048,"0,231112","7,70092e-05","0,186932","0,418126"
47,20,mapped-by-core-mpi-openmp,2048 x 2048,"0,233193","0,00237703","0,187336","0,42291"
47,21,mapped-by-core-mpi-openmp,2048 x 2048,"0,252579","8,79765e-05","0,192722","0,445394"
47,22,mapped-by-core-mpi-openmp,2048 x 2048,"0,278715","9,20296e-05","0,215311","0,494122"
47,23,mapped-by-core-mpi-openmp,2048 x 2048,"0,27599","9,799e-05","0,183942","0,460033"
47,24,mapped-by-core-mpi-openmp,2048 x 2048,"0,29405","8,98838e-05","0,190017","0,484161"
47,25,mapped-by-core-mpi-openmp,2048 x 2048,"0,273558","0,0688181","0,136913","0,479292"
47,26,mapped-by-core-mpi-openmp,2048 x 2048,"0,269805","8,91685e-05","0,243722","0,51362"
47,27,mapped-by-core-mpi-openmp,2048 x 2048,"0,310618","8,29697e-05","0,214905","0,52561"
47,28,mapped-by-core-mpi-openmp,2048 x 2048,"0,306056","8,79765e-05","0,244553","0,5507"
47,29,mapped-by-core-mpi-openmp,2048 x 2048,"0,307123","8,89301e-05","0,217676","0,524891"
47,30,mapped-by-core-mpi-openmp,2048 x 2048,"0,301448","0,0115831","0,252385","0,565418"
47,31,mapped-by-core-mpi-openmp,2048 x 2048,"0,351673","0,0574849","0,183711","0,592873"
47,32,mapped-by-core-mpi-openmp,2048 x 2048,"0,353172","9,20296e-05","0,255166","0,608434"
48,1,mapped-by-core-mpi-openmp,2048 x 2048,"0,081454","9,08375e-05","0,0676451","0,149193"
48,2,mapped-by-core-mpi-openmp,2048 x 2048,"0,0790811","8,79765e-05","0,0636909","0,142864"
48,3,mapped-by-core-mpi-openmp,2048 x 2048,"0,082057","8,29697e-05","0,0769041","0,159047"
48,4,mapped-by-core-mpi-openmp,2048 x 2048,"0,089911","8,60691e-05","0,086077","0,176079"
48,5,mapped-by-core-mpi-openmp,2048 x 2048,"0,0924089","8,2016e-05","0,0993559","0,191851"
48,6,mapped-by-core-mpi-openmp,2048 x 2048,"0,0932732","8,08239e-05","0,102277","0,195635"
48,7,mapped-by-core-mpi-openmp,2048 x 2048,"0,122322","8,82149e-05","0,107764","0,230178"
48,8,mapped-by-core-mpi-openmp,2048 x 2048,"0,124132","8,39233e-05","0,123847","0,248066"
48,9,mapped-by-core-mpi-openmp,2048 x 2048,"0,141951","8,79765e-05","0,127538","0,269581"
48,10,mapped-by-core-mpi-openmp,2048 x 2048,"0,150403","8,82149e-05","0,129045","0,27954"
48,11,mapped-by-core-mpi-openmp,2048 x 2048,"0,15868","9,01222e-05","0,127634","0,286408"
48,12,mapped-by-core-mpi-openmp,2048 x 2048,"0,153109","8,2016e-05","0,154907","0,308101"
48,13,mapped-by-core-mpi-openmp,2048 x 2048,"0,168147","0,0417678","0,104741","0,314659"
48,14,mapped-by-core-mpi-openmp,2048 x 2048,"0,188195","8,2016e-05","0,168928","0,357208"
48,15,mapped-by-core-mpi-openmp,2048 x 2048,"0,169083","9,01222e-05","0,194624","0,363801"
48,16,mapped-by-core-mpi-openmp,2048 x 2048,"0,207759","8,70228e-05","0,156813","0,364664"
48,17,mapped-by-core-mpi-openmp,2048 x 2048,"0,192831","9,10759e-05","0,17232","0,365246"
48,18,mapped-by-core-mpi-openmp,2048 x 2048,"0,231165","8,79765e-05","0,172502","0,403758"
48,19,mapped-by-core-mpi-openmp,2048 x 2048,"0,259499","0,0137699","0,174761","0,448035"
48,20,mapped-by-core-mpi-openmp,2048 x 2048,"0,240686","8,29697e-05","0,173273","0,414047"
48,21,mapped-by-core-mpi-openmp,2048 x 2048,"0,279282","9,10759e-05","0,205261","0,484639"
48,22,mapped-by-core-mpi-openmp,2048 x 2048,"0,260231","0,00945592","0,196218","0,465909"
48,23,mapped-by-core-mpi-openmp,2048 x 2048,"0,291449","0,0162139","0,188381","0,496047"
48,24,mapped-by-core-mpi-openmp,2048 x 2048,"0,25864","8,01086e-05","0,205714","0,464437"
48,25,mapped-by-core-mpi-openmp,2048 x 2048,"0,27639","8,58307e-05","0,219301","0,49578"
48,26,mapped-by-core-mpi-openmp,2048 x 2048,"0,299056","8,51154e-05","0,20435","0,503497"
48,27,mapped-by-core-mpi-openmp,2048 x 2048,"0,297802","8,2016e-05","0,228967","0,526854"
48,28,mapped-by-core-mpi-openmp,2048 x 2048,"0,327351","8,89301e-05","0,237471","0,564915"
48,29,mapped-by-core-mpi-openmp,2048 x 2048,"0,282212","8,10623e-05","0,235002","0,517298"
48,30,mapped-by-core-mpi-openmp,2048 x 2048,"0,348724","9,29832e-05","0,278478","0,6273"
48,31,mapped-by-core-mpi-openmp,2048 x 2048,"0,33666","8,58307e-05","0,259687","0,596436"
48,32,mapped-by-core-mpi-openmp,2048 x 2048,"0,34056","0,00934601","0,231796","0,581705"
49,1,mapped-by-core-mpi-openmp,2048 x 2048,"0,0632219","9,01222e-05","0,06355","0,126868"
49,2,mapped-by-core-mpi-openmp,2048 x 2048,"0,0644541","8,2016e-05","0,076509","0,141048"
49,3,mapped-by-core-mpi-openmp,2048 x 2048,"0,0692639","8,51154e-05","0,0860808","0,155434"
49,4,mapped-by-core-mpi-openmp,2048 x 2048,"0,0767891","8,4877e-05","0,0865331","0,16341"
49,5,mapped-by-core-mpi-openmp,2048 x 2048,"0,087106","8,10623e-05","0,0984428","0,185632"
49,6,mapped-by-core-mpi-openmp,2048 x 2048,"0,113317","9,39369e-05","0,109451","0,222866"
49,7,mapped-by-core-mpi-openmp,2048 x 2048,"0,135155","8,41618e-05","0,108291","0,243534"
49,8,mapped-by-core-mpi-openmp,2048 x 2048,"0,110166","8,10623e-05","0,11169","0,221941"
49,9,mapped-by-core-mpi-openmp,2048 x 2048,"0,160711","0,029906","0,124951","0,31557"
49,10,mapped-by-core-mpi-openmp,2048 x 2048,"0,123853","8,2016e-05","0,135712","0,259652"
49,11,mapped-by-core-mpi-openmp,2048 x 2048,"0,169797","8,51154e-05","0,148921","0,318807"
49,12,mapped-by-core-mpi-openmp,2048 x 2048,"0,147239","8,60691e-05","0,1376","0,284928"
49,13,mapped-by-core-mpi-openmp,2048 x 2048,"0,181212","8,89301e-05","0,135477","0,316782"
49,14,mapped-by-core-mpi-openmp,2048 x 2048,"0,165343","8,10623e-05","0,167243","0,33267"
49,15,mapped-by-core-mpi-openmp,2048 x 2048,"0,17976","8,4877e-05","0,177401","0,35725"
49,16,mapped-by-core-mpi-openmp,2048 x 2048,"0,188952","0,00237608","0,181259","0,372592"
49,17,mapped-by-core-mpi-openmp,2048 x 2048,"0,210448","9,39369e-05","0,160003","0,370549"
49,18,mapped-by-core-mpi-openmp,2048 x 2048,"0,18964","8,91685e-05","0,223029","0,412762"
49,19,mapped-by-core-mpi-openmp,2048 x 2048,"0,241994","8,82149e-05","0,202812","0,444897"
49,20,mapped-by-core-mpi-openmp,2048 x 2048,"0,257784","8,70228e-05","0,204746","0,46262"
49,21,mapped-by-core-mpi-openmp,2048 x 2048,"0,275168","8,58307e-05","0,182666","0,457923"
49,22,mapped-by-core-mpi-openmp,2048 x 2048,"0,279986","0,000101089","0,199805","0,479895"
49,23,mapped-by-core-mpi-openmp,2048 x 2048,"0,289073","8,10623e-05","0,237718","0,526874"
49,24,mapped-by-core-mpi-openmp,2048 x 2048,"0,272102","8,89301e-05","0,20883","0,481025"
49,25,mapped-by-core-mpi-openmp,2048 x 2048,"0,286221","9,20296e-05","0,213282","0,4996"
49,26,mapped-by-core-mpi-openmp,2048 x 2048,"0,305042","9,41753e-05","0,228982","0,534123"
49,27,mapped-by-core-mpi-openmp,2048 x 2048,"0,311531","8,4877e-05","0,22136","0,53298"
49,28,mapped-by-core-mpi-openmp,2048 x 2048,"0,321851","9,39369e-05","0,233435","0,555384"
49,29,mapped-by-core-mpi-openmp,2048 x 2048,"0,355644","8,60691e-05","0,250868","0,606601"
49,30,mapped-by-core-mpi-openmp,2048 x 2048,"0,357536","9,29832e-05","0,234934","0,592567"
49,31,mapped-by-core-mpi-openmp,2048 x 2048,"0,36089","9,39369e-05","0,240925","0,601912"
49,32,mapped-by-core-mpi-openmp,2048 x 2048,"0,380021","0,000103951","0,277714","0,657843"
50,1,mapped-by-core-mpi-openmp,2048 x 2048,"0,0842888","9,10759e-05","0,0667441","0,151127"
50,2,mapped-by-core-mpi-openmp,2048 x 2048,"0,0789239","8,79765e-05","0,064436","0,143452"
50,3,mapped-by-core-mpi-openmp,2048 x 2048,"0,0681651","9,10759e-05","0,091599","0,159859"
50,4,mapped-by-core-mpi-openmp,2048 x 2048,"0,0834429","0,00242901","0,077539","0,163415"
50,5,mapped-by-core-mpi-openmp,2048 x 2048,"0,0996861","7,39098e-05","0,0993352","0,199099"
50,6,mapped-by-core-mpi-openmp,2048 x 2048,"0,108636","6,8903e-05","0,113487","0,222195"
50,7,mapped-by-core-mpi-openmp,2048 x 2048,"0,107794","8,79765e-05","0,111073","0,21896"
50,8,mapped-by-core-mpi-openmp,2048 x 2048,"0,145211","9,01222e-05","0,112896","0,258201"
50,9,mapped-by-core-mpi-openmp,2048 x 2048,"0,138874","8,29697e-05","0,121601","0,260562"
50,10,mapped-by-core-mpi-openmp,2048 x 2048,"0,141239","0,00699806","0,149745","0,297985"
50,11,mapped-by-core-mpi-openmp,2048 x 2048,"0,129022","8,91685e-05","0,159786","0,288901"
50,12,mapped-by-core-mpi-openmp,2048 x 2048,"0,166491","8,82149e-05","0,130448","0,297032"
50,13,mapped-by-core-mpi-openmp,2048 x 2048,"0,194938","9,60827e-05","0,145404","0,340441"
50,14,mapped-by-core-mpi-openmp,2048 x 2048,"0,196085","8,79765e-05","0,16721","0,363388"
50,15,mapped-by-core-mpi-openmp,2048 x 2048,"0,25063","8,82149e-05","0,164453","0,415175"
50,16,mapped-by-core-mpi-openmp,2048 x 2048,"0,231503","8,60691e-05","0,157173","0,388765"
50,17,mapped-by-core-mpi-openmp,2048 x 2048,"0,216232","7,79629e-05","0,173297","0,389611"
50,18,mapped-by-core-mpi-openmp,2048 x 2048,"0,227475","9,20296e-05","0,178604","0,406176"
50,19,mapped-by-core-mpi-openmp,2048 x 2048,"0,255747","8,67844e-05","0,196542","0,45238"
50,20,mapped-by-core-mpi-openmp,2048 x 2048,"0,264972","8,2016e-05","0,205302","0,470359"
50,21,mapped-by-core-mpi-openmp,2048 x 2048,"0,280314","9,799e-05","0,20257","0,482986"
50,22,mapped-by-core-mpi-openmp,2048 x 2048,"0,284237","8,01086e-05","0,210986","0,495307"
50,23,mapped-by-core-mpi-openmp,2048 x 2048,"0,284768","8,79765e-05","0,197768","0,482627"
50,24,mapped-by-core-mpi-openmp,2048 x 2048,"0,289206","8,70228e-05","0,215425","0,504722"
50,25,mapped-by-core-mpi-openmp,2048 x 2048,"0,296291","9,20296e-05","0,210464","0,50685"
50,26,mapped-by-core-mpi-openmp,2048 x 2048,"0,324023","8,70228e-05","0,240087","0,564202"
50,27,mapped-by-core-mpi-openmp,2048 x 2048,"0,325614","8,41618e-05","0,239652","0,565354"
50,28,mapped-by-core-mpi-openmp,2048 x 2048,"0,34693","8,89301e-05","0,24821","0,595232"
50,29,mapped-by-core-mpi-openmp,2048 x 2048,"0,333867","8,82149e-05","0,241215","0,575173"
50,30,mapped-by-core-mpi-openmp,2048 x 2048,"0,294438","0,043251","0,22762","0,565316"
50,31,mapped-by-core-mpi-openmp,2048 x 2048,"0,370058","8,98838e-05","0,265579","0,635731"
50,32,mapped-by-core-mpi-openmp,2048 x 2048,"0,369213","6,79493e-05","0,256199","0,625483"
51,1,mapped-by-core-mpi-openmp,2048 x 2048,"0,0842719","9,5129e-05","0,115926","0,200298"
51,2,mapped-by-core-mpi-openmp,2048 x 2048,"0,090261","9,01222e-05","0,075001","0,165356"
51,3,mapped-by-core-mpi-openmp,2048 x 2048,"0,0823629","8,2016e-05","0,0833201","0,165769"
51,4,mapped-by-core-mpi-openmp,2048 x 2048,"0,087189","8,89301e-05","0,089339","0,176622"
51,5,mapped-by-core-mpi-openmp,2048 x 2048,"0,105248","8,41618e-05","0,105673","0,211009"
51,6,mapped-by-core-mpi-openmp,2048 x 2048,"0,120328","7,79629e-05","0,108879","0,229289"
51,7,mapped-by-core-mpi-openmp,2048 x 2048,"0,124566","8,70228e-05","0,124688","0,249345"
51,8,mapped-by-core-mpi-openmp,2048 x 2048,"0,145293","8,41618e-05","0,128182","0,273564"
51,9,mapped-by-core-mpi-openmp,2048 x 2048,"0,138044","7,48634e-05","0,131025","0,269149"
51,10,mapped-by-core-mpi-openmp,2048 x 2048,"0,143922","8,70228e-05","0,146747","0,29076"
51,11,mapped-by-core-mpi-openmp,2048 x 2048,"0,158894","8,89301e-05","0,126652","0,285637"
51,12,mapped-by-core-mpi-openmp,2048 x 2048,"0,176797","8,39233e-05","0,160135","0,33702"
51,13,mapped-by-core-mpi-openmp,2048 x 2048,"0,202152","8,70228e-05","0,159332","0,361574"
51,14,mapped-by-core-mpi-openmp,2048 x 2048,"0,176331","9,5129e-05","0,16225","0,338681"
51,15,mapped-by-core-mpi-openmp,2048 x 2048,"0,217256","8,79765e-05","0,150929","0,368276"
51,16,mapped-by-core-mpi-openmp,2048 x 2048,"0,193128","0,00703716","0,167547","0,367716"
51,17,mapped-by-core-mpi-openmp,2048 x 2048,"0,1967","8,51154e-05","0,184111","0,380902"
51,18,mapped-by-core-mpi-openmp,2048 x 2048,"0,207246","9,20296e-05","0,183389","0,390731"
51,19,mapped-by-core-mpi-openmp,2048 x 2048,"0,241206","8,60691e-05","0,195162","0,436459"
51,20,mapped-by-core-mpi-openmp,2048 x 2048,"0,2728","8,51154e-05","0,190461","0,46335"
51,21,mapped-by-core-mpi-openmp,2048 x 2048,"0,304084","9,70364e-05","0,19286","0,497046"
51,22,mapped-by-core-mpi-openmp,2048 x 2048,"0,258217","8,89301e-05","0,19293","0,451239"
51,23,mapped-by-core-mpi-openmp,2048 x 2048,"0,288091","9,10759e-05","0,208528","0,496715"
51,24,mapped-by-core-mpi-openmp,2048 x 2048,"0,307556","8,89301e-05","0,240271","0,547919"
51,25,mapped-by-core-mpi-openmp,2048 x 2048,"0,315876","8,98838e-05","0,215312","0,531281"
51,26,mapped-by-core-mpi-openmp,2048 x 2048,"0,337104","8,2016e-05","0,251109","0,588298"
51,27,mapped-by-core-mpi-openmp,2048 x 2048,"0,337012","8,60691e-05","0,226146","0,563247"
51,28,mapped-by-core-mpi-openmp,2048 x 2048,"0,350834","8,08239e-05","0,22864","0,579559"
51,29,mapped-by-core-mpi-openmp,2048 x 2048,"0,373139","9,01222e-05","0,234326","0,607559"
51,30,mapped-by-core-mpi-openmp,2048 x 2048,"0,362843","8,79765e-05","0,259648","0,622583"
51,31,mapped-by-core-mpi-openmp,2048 x 2048,"0,372912","9,29832e-05","0,245299","0,618308"
51,32,mapped-by-core-mpi-openmp,2048 x 2048,"0,385719","8,51154e-05","0,270577","0,656385"
52,1,mapped-by-core-mpi-openmp,2048 x 2048,"0,135749","8,79765e-05","0,061877","0,197719"
52,2,mapped-by-core-mpi-openmp,2048 x 2048,"0,07938","8,70228e-05","0,071734","0,151205"
52,3,mapped-by-core-mpi-openmp,2048 x 2048,"0,081738","0,00248694","0,112167","0,196396"
52,4,mapped-by-core-mpi-openmp,2048 x 2048,"0,087379","8,60691e-05","0,083812","0,17128"
52,5,mapped-by-core-mpi-openmp,2048 x 2048,"0,0825381","7,89165e-05","0,0941451","0,176767"
52,6,mapped-by-core-mpi-openmp,2048 x 2048,"0,104976","9,10759e-05","0,116048","0,221119"
52,7,mapped-by-core-mpi-openmp,2048 x 2048,"0,121222","9,29832e-05","0,117038","0,238357"
52,8,mapped-by-core-mpi-openmp,2048 x 2048,"0,109083","8,70228e-05","0,124521","0,233694"
52,9,mapped-by-core-mpi-openmp,2048 x 2048,"0,131013","0,00241208","0,110564","0,243992"
52,10,mapped-by-core-mpi-openmp,2048 x 2048,"0,142442","8,79765e-05","0,118622","0,261158"
52,11,mapped-by-core-mpi-openmp,2048 x 2048,"0,158955","8,70228e-05","0,152133","0,311177"
52,12,mapped-by-core-mpi-openmp,2048 x 2048,"0,138375","9,29832e-05","0,163937","0,302409"
52,13,mapped-by-core-mpi-openmp,2048 x 2048,"0,197996","8,89301e-05","0,14213","0,340218"
52,14,mapped-by-core-mpi-openmp,2048 x 2048,"0,17236","8,58307e-05","0,177318","0,349767"
52,15,mapped-by-core-mpi-openmp,2048 x 2048,"0,21873","9,10759e-05","0,189012","0,407836"
52,16,mapped-by-core-mpi-openmp,2048 x 2048,"0,214801","9,01222e-05","0,186801","0,401697"
52,17,mapped-by-core-mpi-openmp,2048 x 2048,"0,212352","8,79765e-05","0,166724","0,379167"
52,18,mapped-by-core-mpi-openmp,2048 x 2048,"0,241741","7,29561e-05","0,226546","0,468364"
52,19,mapped-by-core-mpi-openmp,2048 x 2048,"0,23031","0,0230522","0,191888","0,445254"
52,20,mapped-by-core-mpi-openmp,2048 x 2048,"0,220303","8,79765e-05","0,213413","0,433808"
52,21,mapped-by-core-mpi-openmp,2048 x 2048,"0,273441","9,48906e-05","0,209882","0,483422"
52,22,mapped-by-core-mpi-openmp,2048 x 2048,"0,305324","8,70228e-05","0,217573","0,522988"
52,23,mapped-by-core-mpi-openmp,2048 x 2048,"0,297461","8,08239e-05","0,210653","0,508199"
52,24,mapped-by-core-mpi-openmp,2048 x 2048,"0,312578","8,79765e-05","0,214836","0,527507"
52,25,mapped-by-core-mpi-openmp,2048 x 2048,"0,325272","8,91685e-05","0,213017","0,538381"
52,26,mapped-by-core-mpi-openmp,2048 x 2048,"0,319539","0,00011301","0,216672","0,536329"
52,27,mapped-by-core-mpi-openmp,2048 x 2048,"0,34036","6,48499e-05","0,236282","0,57671"
52,28,mapped-by-core-mpi-openmp,2048 x 2048,"0,381495","8,79765e-05","0,22665","0,608237"
52,29,mapped-by-core-mpi-openmp,2048 x 2048,"0,378912","8,39233e-05","0,224","0,603"
52,30,mapped-by-core-mpi-openmp,2048 x 2048,"0,367474","0,0137241","0,248997","0,6302"
52,31,mapped-by-core-mpi-openmp,2048 x 2048,"0,39875","9,70364e-05","0,260921","0,659771"
52,32,mapped-by-core-mpi-openmp,2048 x 2048,"0,385409","9,39369e-05","0,284558","0,670065"
53,1,mapped-by-core-mpi-openmp,2048 x 2048,"0,0687399","8,51154e-05","0,0637081","0,132536"
53,2,mapped-by-core-mpi-openmp,2048 x 2048,"0,071142","0,00253487","0,073034","0,146715"
53,3,mapped-by-core-mpi-openmp,2048 x 2048,"0,0745401","8,79765e-05","0,108345","0,182976"
53,4,mapped-by-core-mpi-openmp,2048 x 2048,"0,137476","8,29697e-05","0,0888059","0,226368"
53,5,mapped-by-core-mpi-openmp,2048 x 2048,"0,098865","9,29832e-05","0,108367","0,207331"
53,6,mapped-by-core-mpi-openmp,2048 x 2048,"0,10297","8,79765e-05","0,130508","0,233569"
53,7,mapped-by-core-mpi-openmp,2048 x 2048,"0,116524","8,2016e-05","0,137257","0,253867"
53,8,mapped-by-core-mpi-openmp,2048 x 2048,"0,12708","8,79765e-05","0,128573","0,255744"
53,9,mapped-by-core-mpi-openmp,2048 x 2048,"0,123438","8,10623e-05","0,112884","0,236407"
53,10,mapped-by-core-mpi-openmp,2048 x 2048,"0,155668","9,01222e-05","0,145811","0,301572"
53,11,mapped-by-core-mpi-openmp,2048 x 2048,"0,146834","9,10759e-05","0,159292","0,306222"
53,12,mapped-by-core-mpi-openmp,2048 x 2048,"0,156641","8,10623e-05","0,159482","0,316209"
53,13,mapped-by-core-mpi-openmp,2048 x 2048,"0,196971","8,01086e-05","0,138245","0,3353"
53,14,mapped-by-core-mpi-openmp,2048 x 2048,"0,180817","6,19888e-05","0,174226","0,355108"
53,15,mapped-by-core-mpi-openmp,2048 x 2048,"0,2261","9,01222e-05","0,186763","0,412956"
53,16,mapped-by-core-mpi-openmp,2048 x 2048,"0,234776","9,17912e-05","0,173625","0,408497"
53,17,mapped-by-core-mpi-openmp,2048 x 2048,"0,223574","7,10487e-05","0,168424","0,392074"
53,18,mapped-by-core-mpi-openmp,2048 x 2048,"0,246919","8,70228e-05","0,171932","0,418941"
53,19,mapped-by-core-mpi-openmp,2048 x 2048,"0,267208","9,01222e-05","0,206052","0,473353"
53,20,mapped-by-core-mpi-openmp,2048 x 2048,"0,263275","9,10759e-05","0,202939","0,46631"
53,21,mapped-by-core-mpi-openmp,2048 x 2048,"0,277198","0,0348132","0,161028","0,473043"
53,22,mapped-by-core-mpi-openmp,2048 x 2048,"0,276143","9,20296e-05","0,195586","0,471825"
53,23,mapped-by-core-mpi-openmp,2048 x 2048,"0,275618","9,10759e-05","0,218667","0,494381"
53,24,mapped-by-core-mpi-openmp,2048 x 2048,"0,303221","8,58307e-05","0,265399","0,568711"
53,25,mapped-by-core-mpi-openmp,2048 x 2048,"0,299637","9,29832e-05","0,209921","0,509655"
53,26,mapped-by-core-mpi-openmp,2048 x 2048,"0,355075","9,70364e-05","0,218771","0,573949"
53,27,mapped-by-core-mpi-openmp,2048 x 2048,"0,370962","8,79765e-05","0,247322","0,618377"
53,28,mapped-by-core-mpi-openmp,2048 x 2048,"0,340133","8,2016e-05","0,260267","0,600487"
53,29,mapped-by-core-mpi-openmp,2048 x 2048,"0,363058","8,60691e-05","0,255715","0,618862"
53,30,mapped-by-core-mpi-openmp,2048 x 2048,"0,371398","8,60691e-05","0,279689","0,651177"
53,31,mapped-by-core-mpi-openmp,2048 x 2048,"0,41941","8,01086e-05","0,281549","0,701042"
53,32,mapped-by-core-mpi-openmp,2048 x 2048,"0,379138","7,89165e-05","0,246168","0,625389"
54,1,mapped-by-core-mpi-openmp,2048 x 2048,"0,096468","9,10759e-05","0,0777769","0,17434"
54,2,mapped-by-core-mpi-openmp,2048 x 2048,"0,0973811","8,89301e-05","0,099632","0,197107"
54,3,mapped-by-core-mpi-openmp,2048 x 2048,"0,090524","8,70228e-05","0,0914779","0,182094"
54,4,mapped-by-core-mpi-openmp,2048 x 2048,"0,0887308","8,41618e-05","0,0962369","0,185056"
54,5,mapped-by-core-mpi-openmp,2048 x 2048,"0,0875599","8,60691e-05","0,111032","0,198681"
54,6,mapped-by-core-mpi-openmp,2048 x 2048,"0,112983","8,60691e-05","0,131362","0,244435"
54,7,mapped-by-core-mpi-openmp,2048 x 2048,"0,132831","9,58443e-05","0,110753","0,243683"
54,8,mapped-by-core-mpi-openmp,2048 x 2048,"0,156524","0,000104189","0,13301","0,289642"
54,9,mapped-by-core-mpi-openmp,2048 x 2048,"0,12857","8,01086e-05","0,1338","0,262453"
54,10,mapped-by-core-mpi-openmp,2048 x 2048,"0,149567","8,70228e-05","0,14106","0,290717"
54,11,mapped-by-core-mpi-openmp,2048 x 2048,"0,192127","9,39369e-05","0,149579","0,341804"
54,12,mapped-by-core-mpi-openmp,2048 x 2048,"0,188021","9,48906e-05","0,138779","0,326899"
54,13,mapped-by-core-mpi-openmp,2048 x 2048,"0,198185","9,70364e-05","0,193554","0,391839"
54,14,mapped-by-core-mpi-openmp,2048 x 2048,"0,198955","9,29832e-05","0,1458","0,344852"
54,15,mapped-by-core-mpi-openmp,2048 x 2048,"0,258341","8,70228e-05","0,171051","0,429483"
54,16,mapped-by-core-mpi-openmp,2048 x 2048,"0,232946","9,10759e-05","0,181379","0,41442"
54,17,mapped-by-core-mpi-openmp,2048 x 2048,"0,221365","6,41346e-05","0,174476","0,395909"
54,18,mapped-by-core-mpi-openmp,2048 x 2048,"0,249257","8,79765e-05","0,191257","0,440608"
54,19,mapped-by-core-mpi-openmp,2048 x 2048,"0,274824","8,2016e-05","0,187612","0,462521"
54,20,mapped-by-core-mpi-openmp,2048 x 2048,"0,257551","6,38962e-05","0,207142","0,46476"
54,21,mapped-by-core-mpi-openmp,2048 x 2048,"0,304425","8,79765e-05","0,202049","0,506565"
54,22,mapped-by-core-mpi-openmp,2048 x 2048,"0,289568","9,01222e-05","0,210779","0,500441"
54,23,mapped-by-core-mpi-openmp,2048 x 2048,"0,340974","9,20296e-05","0,19315","0,53422"
54,24,mapped-by-core-mpi-openmp,2048 x 2048,"0,328681","9,799e-05","0,219998","0,548781"
54,25,mapped-by-core-mpi-openmp,2048 x 2048,"0,306227","9,70364e-05","0,238597","0,544925"
54,26,mapped-by-core-mpi-openmp,2048 x 2048,"0,357442","9,17912e-05","0,267116","0,624653"
54,27,mapped-by-core-mpi-openmp,2048 x 2048,"0,365746","9,29832e-05","0,247586","0,613428"
54,28,mapped-by-core-mpi-openmp,2048 x 2048,"0,391928","8,60691e-05","0,230305","0,622322"
54,29,mapped-by-core-mpi-openmp,2048 x 2048,"0,378743","8,01086e-05","0,254294","0,633121"
54,30,mapped-by-core-mpi-openmp,2048 x 2048,"0,358737","9,20296e-05","0,25631","0,615144"
54,31,mapped-by-core-mpi-openmp,2048 x 2048,"0,387386","9,70364e-05","0,234382","0,621868"
54,32,mapped-by-core-mpi-openmp,2048 x 2048,"0,449574","6,58035e-05","0,263442","0,713085"
55,1,mapped-by-core-mpi-openmp,2048 x 2048,"0,0810668","8,79765e-05","0,0845752","0,165734"
55,2,mapped-by-core-mpi-openmp,2048 x 2048,"0,0761518","9,29832e-05","0,078532","0,154782"
55,3,mapped-by-core-mpi-openmp,2048 x 2048,"0,0894959","8,10623e-05","0,0913088","0,180889"
55,4,mapped-by-core-mpi-openmp,2048 x 2048,"0,0974901","0,00246096","0,0920031","0,191958"
55,5,mapped-by-core-mpi-openmp,2048 x 2048,"0,117032","8,29697e-05","0,104327","0,221445"
55,6,mapped-by-core-mpi-openmp,2048 x 2048,"0,0883281","8,4877e-05","0,1275","0,215917"
55,7,mapped-by-core-mpi-openmp,2048 x 2048,"0,121913","9,39369e-05","0,129081","0,251093"
55,8,mapped-by-core-mpi-openmp,2048 x 2048,"0,130097","6,60419e-05","0,178163","0,308329"
55,9,mapped-by-core-mpi-openmp,2048 x 2048,"0,150881","9,29832e-05","0,119373","0,270351"
55,10,mapped-by-core-mpi-openmp,2048 x 2048,"0,173275","9,48906e-05","0,15327","0,326643"
55,11,mapped-by-core-mpi-openmp,2048 x 2048,"0,175042","9,39369e-05","0,134055","0,309195"
55,12,mapped-by-core-mpi-openmp,2048 x 2048,"0,190596","9,10759e-05","0,153882","0,344573"
55,13,mapped-by-core-mpi-openmp,2048 x 2048,"0,205594","0,0391469","0,106116","0,35086"
55,14,mapped-by-core-mpi-openmp,2048 x 2048,"0,215936","9,08375e-05","0,175824","0,391855"
55,15,mapped-by-core-mpi-openmp,2048 x 2048,"0,213824","6,48499e-05","0,165246","0,37914"
55,16,mapped-by-core-mpi-openmp,2048 x 2048,"0,288912","9,799e-05","0,175744","0,464757"
55,17,mapped-by-core-mpi-openmp,2048 x 2048,"0,279515","8,89301e-05","0,176675","0,456283"
55,18,mapped-by-core-mpi-openmp,2048 x 2048,"0,236021","8,70228e-05","0,205404","0,441517"
55,19,mapped-by-core-mpi-openmp,2048 x 2048,"0,289136","9,32217e-05","0,212457","0,501691"
55,20,mapped-by-core-mpi-openmp,2048 x 2048,"0,311495","8,29697e-05","0,183776","0,495358"
55,21,mapped-by-core-mpi-openmp,2048 x 2048,"0,315335","8,29697e-05","0,210037","0,52546"
55,22,mapped-by-core-mpi-openmp,2048 x 2048,"0,319249","9,39369e-05","0,200324","0,519671"
55,23,mapped-by-core-mpi-openmp,2048 x 2048,"0,303749","9,60827e-05","0,198016","0,501865"
55,24,mapped-by-core-mpi-openmp,2048 x 2048,"0,312734","9,48906e-05","0,22651","0,539344"
55,25,mapped-by-core-mpi-openmp,2048 x 2048,"0,346509","8,91685e-05","0,259905","0,606506"
55,26,mapped-by-core-mpi-openmp,2048 x 2048,"0,367969","8,98838e-05","0,246734","0,614798"
55,27,mapped-by-core-mpi-openmp,2048 x 2048,"0,398872","9,29832e-05","0,237497","0,636465"
55,28,mapped-by-core-mpi-openmp,2048 x 2048,"0,371457","9,29832e-05","0,258423","0,629976"
55,29,mapped-by-core-mpi-openmp,2048 x 2048,"0,382025","8,60691e-05","0,274859","0,656973"
55,30,mapped-by-core-mpi-openmp,2048 x 2048,"0,376809","9,01222e-05","0,260501","0,637404"
55,31,mapped-by-core-mpi-openmp,2048 x 2048,"0,367736","0,027864","0,290506","0,686109"
55,32,mapped-by-core-mpi-openmp,2048 x 2048,"0,420471","8,4877e-05","0,294708","0,715267"
56,1,mapped-by-core-mpi-openmp,2048 x 2048,"0,0794151","9,39369e-05","0,0765271","0,156039"
56,2,mapped-by-core-mpi-openmp,2048 x 2048,"0,129353","6,41346e-05","0,118306","0,247727"
56,3,mapped-by-core-mpi-openmp,2048 x 2048,"0,0805159","7,60555e-05","0,094629","0,175225"
56,4,mapped-by-core-mpi-openmp,2048 x 2048,"0,0789421","9,17912e-05","0,102858","0,181897"
56,5,mapped-by-core-mpi-openmp,2048 x 2048,"0,0868208","8,82149e-05","0,121458","0,20837"
56,6,mapped-by-core-mpi-openmp,2048 x 2048,"0,112265","9,20296e-05","0,119723","0,232086"
56,7,mapped-by-core-mpi-openmp,2048 x 2048,"0,118711","9,799e-05","0,115198","0,234011"
56,8,mapped-by-core-mpi-openmp,2048 x 2048,"0,137736","6,79493e-05","0,134538","0,272345"
56,9,mapped-by-core-mpi-openmp,2048 x 2048,"0,141154","8,89301e-05","0,12068","0,261927"
56,10,mapped-by-core-mpi-openmp,2048 x 2048,"0,199873","9,60827e-05","0,155489","0,355462"
56,11,mapped-by-core-mpi-openmp,2048 x 2048,"0,190973","8,89301e-05","0,145903","0,336969"
56,12,mapped-by-core-mpi-openmp,2048 x 2048,"0,209697","8,79765e-05","0,140393","0,350183"
56,13,mapped-by-core-mpi-openmp,2048 x 2048,"0,199825","9,39369e-05","0,184051","0,383976"
56,14,mapped-by-core-mpi-openmp,2048 x 2048,"0,22457","9,10759e-05","0,179752","0,404418"
56,15,mapped-by-core-mpi-openmp,2048 x 2048,"0,230588","9,60827e-05","0,19868","0,429368"
56,16,mapped-by-core-mpi-openmp,2048 x 2048,"0,231803","0,0115139","0,176559","0,41988"
56,17,mapped-by-core-mpi-openmp,2048 x 2048,"0,291879","8,2016e-05","0,193914","0,485878"
56,18,mapped-by-core-mpi-openmp,2048 x 2048,"0,252515","9,20296e-05","0,186055","0,438666"
56,19,mapped-by-core-mpi-openmp,2048 x 2048,"0,267664","8,60691e-05","0,19652","0,464272"
56,20,mapped-by-core-mpi-openmp,2048 x 2048,"0,295878","0,0207429","0,196143","0,512768"
56,21,mapped-by-core-mpi-openmp,2048 x 2048,"0,310301","9,799e-05","0,202367","0,512769"
56,22,mapped-by-core-mpi-openmp,2048 x 2048,"0,33583","8,79765e-05","0,211542","0,547464"
56,23,mapped-by-core-mpi-openmp,2048 x 2048,"0,344489","8,70228e-05","0,239963","0,584545"
56,24,mapped-by-core-mpi-openmp,2048 x 2048,"0,317419","8,70228e-05","0,250096","0,567605"
56,25,mapped-by-core-mpi-openmp,2048 x 2048,"0,378874","8,51154e-05","0,218091","0,597055"
56,26,mapped-by-core-mpi-openmp,2048 x 2048,"0,340933","0,000106096","0,238224","0,579267"
56,27,mapped-by-core-mpi-openmp,2048 x 2048,"0,380003","6,50883e-05","0,220667","0,600741"
56,28,mapped-by-core-mpi-openmp,2048 x 2048,"0,428044","8,51154e-05","0,239216","0,667348"
56,29,mapped-by-core-mpi-openmp,2048 x 2048,"0,38295","7,00951e-05","0,283386","0,666408"
56,30,mapped-by-core-mpi-openmp,2048 x 2048,"0,399235","8,51154e-05","0,256973","0,656297"
56,31,mapped-by-core-mpi-openmp,2048 x 2048,"0,401757","8,79765e-05","0,313707","0,715555"
56,32,mapped-by-core-mpi-openmp,2048 x 2048,"0,367102","6,38962e-05","0,32222","0,68939"
57,1,mapped-by-core-mpi-openmp,2048 x 2048,"0,0790579","9,41753e-05","0,0980959","0,177251"
57,2,mapped-by-core-mpi-openmp,2048 x 2048,"0,0924029","9,48906e-05","0,0763879","0,168891"
57,3,mapped-by-core-mpi-openmp,2048 x 2048,"0,082418","9,20296e-05","0,103593","0,186107"
57,4,mapped-by-core-mpi-openmp,2048 x 2048,"0,107355","9,10759e-05","0,096596","0,204048"
57,5,mapped-by-core-mpi-openmp,2048 x 2048,"0,103639","8,60691e-05","0,114344","0,218072"
57,6,mapped-by-core-mpi-openmp,2048 x 2048,"0,140543","6,38962e-05","0,109592","0,250204"
57,7,mapped-by-core-mpi-openmp,2048 x 2048,"0,133882","6,81877e-05","0,111129","0,245082"
57,8,mapped-by-core-mpi-openmp,2048 x 2048,"0,154747","8,79765e-05","0,129541","0,284379"
57,9,mapped-by-core-mpi-openmp,2048 x 2048,"0,183646","8,89301e-05","0,13459","0,318328"
57,10,mapped-by-core-mpi-openmp,2048 x 2048,"0,184129","8,82149e-05","0,157217","0,341437"
57,11,mapped-by-core-mpi-openmp,2048 x 2048,"0,208158","8,4877e-05","0,160738","0,368984"
57,12,mapped-by-core-mpi-openmp,2048 x 2048,"0,180207","8,98838e-05","0,181229","0,361531"
57,13,mapped-by-core-mpi-openmp,2048 x 2048,"0,235782","8,51154e-05","0,161449","0,397323"
57,14,mapped-by-core-mpi-openmp,2048 x 2048,"0,237356","9,10759e-05","0,16676","0,40421"
57,15,mapped-by-core-mpi-openmp,2048 x 2048,"0,236587","9,10759e-05","0,172496","0,409177"
57,16,mapped-by-core-mpi-openmp,2048 x 2048,"0,275506","6,19888e-05","0,166486","0,442059"
57,17,mapped-by-core-mpi-openmp,2048 x 2048,"0,260608","9,39369e-05","0,204806","0,465512"
57,18,mapped-by-core-mpi-openmp,2048 x 2048,"0,280555","8,60691e-05","0,186072","0,466718"
57,19,mapped-by-core-mpi-openmp,2048 x 2048,"0,304349","9,70364e-05","0,186458","0,490907"
57,20,mapped-by-core-mpi-openmp,2048 x 2048,"0,315432","9,20296e-05","0,198265","0,513792"
57,21,mapped-by-core-mpi-openmp,2048 x 2048,"0,319496","8,91685e-05","0,206332","0,52592"
57,22,mapped-by-core-mpi-openmp,2048 x 2048,"0,343045","8,79765e-05","0,224258","0,567394"
57,23,mapped-by-core-mpi-openmp,2048 x 2048,"0,337967","8,67844e-05","0,217413","0,55547"
57,24,mapped-by-core-mpi-openmp,2048 x 2048,"0,390282","9,08375e-05","0,23516","0,625539"
57,25,mapped-by-core-mpi-openmp,2048 x 2048,"0,383137","9,39369e-05","0,238457","0,621691"
57,26,mapped-by-core-mpi-openmp,2048 x 2048,"0,33541","9,29832e-05","0,255501","0,591009"
57,27,mapped-by-core-mpi-openmp,2048 x 2048,"0,370746","6,19888e-05","0,228668","0,599479"
57,28,mapped-by-core-mpi-openmp,2048 x 2048,"0,424851","8,91685e-05","0,238848","0,663792"
57,29,mapped-by-core-mpi-openmp,2048 x 2048,"0,402759","8,98838e-05","0,25075","0,653602"
57,30,mapped-by-core-mpi-openmp,2048 x 2048,"0,429037","9,41753e-05","0,259732","0,688869"
57,31,mapped-by-core-mpi-openmp,2048 x 2048,"0,461606","9,08375e-05","0,276693","0,738394"
57,32,mapped-by-core-mpi-openmp,2048 x 2048,"0,450065","6,31809e-05","0,2653","0,715433"
58,1,mapped-by-core-mpi-openmp,2048 x 2048,"0,0758371","9,29832e-05","0,0711601","0,147095"
58,2,mapped-by-core-mpi-openmp,2048 x 2048,"0,0913079","8,51154e-05","0,101528","0,192924"
58,3,mapped-by-core-mpi-openmp,2048 x 2048,"0,0803349","8,32081e-05","0,106667","0,187088"
58,4,mapped-by-core-mpi-openmp,2048 x 2048,"0,116073","8,2016e-05","0,123556","0,239714"
58,5,mapped-by-core-mpi-openmp,2048 x 2048,"0,116786","8,60691e-05","0,104958","0,221833"
58,6,mapped-by-core-mpi-openmp,2048 x 2048,"0,20938","9,60827e-05","0,144393","0,353872"
58,7,mapped-by-core-mpi-openmp,2048 x 2048,"0,147805","9,5129e-05","0,127575","0,275479"
58,8,mapped-by-core-mpi-openmp,2048 x 2048,"0,156833","9,70364e-05","0,144987","0,301922"
58,9,mapped-by-core-mpi-openmp,2048 x 2048,"0,153233","9,10759e-05","0,159593","0,312921"
58,10,mapped-by-core-mpi-openmp,2048 x 2048,"0,160083","8,70228e-05","0,125314","0,285487"
58,11,mapped-by-core-mpi-openmp,2048 x 2048,"0,212504","8,58307e-05","0,147432","0,360027"
58,12,mapped-by-core-mpi-openmp,2048 x 2048,"0,238698","8,4877e-05","0,144407","0,383193"
58,13,mapped-by-core-mpi-openmp,2048 x 2048,"0,227877","9,10759e-05","0,175954","0,403927"
58,14,mapped-by-core-mpi-openmp,2048 x 2048,"0,230672","8,79765e-05","0,179875","0,410638"
58,15,mapped-by-core-mpi-openmp,2048 x 2048,"0,234737","8,89301e-05","0,204274","0,439104"
58,16,mapped-by-core-mpi-openmp,2048 x 2048,"0,258767","9,29832e-05","0,164403","0,423266"
58,17,mapped-by-core-mpi-openmp,2048 x 2048,"0,26279","8,70228e-05","0,178939","0,44182"
58,18,mapped-by-core-mpi-openmp,2048 x 2048,"0,283904","0,00233793","0,183277","0,469521"
58,19,mapped-by-core-mpi-openmp,2048 x 2048,"0,304699","9,20296e-05","0,190812","0,495607"
58,20,mapped-by-core-mpi-openmp,2048 x 2048,"0,336483","6,81877e-05","0,192281","0,528836"
58,21,mapped-by-core-mpi-openmp,2048 x 2048,"0,314209","9,5129e-05","0,21572","0,530028"
58,22,mapped-by-core-mpi-openmp,2048 x 2048,"0,290307","8,89301e-05","0,22211","0,51251"
58,23,mapped-by-core-mpi-openmp,2048 x 2048,"0,345866","8,41618e-05","0,209855","0,55581"
58,24,mapped-by-core-mpi-openmp,2048 x 2048,"0,347738","8,60691e-05","0,255818","0,603644"
58,25,mapped-by-core-mpi-openmp,2048 x 2048,"0,358628","9,10759e-05","0,264515","0,623238"
58,26,mapped-by-core-mpi-openmp,2048 x 2048,"0,397486","8,58307e-05","0,228964","0,626539"
58,27,mapped-by-core-mpi-openmp,2048 x 2048,"0,377641","9,10759e-05","0,238716","0,616453"
58,28,mapped-by-core-mpi-openmp,2048 x 2048,"0,407901","8,60691e-05","0,276518","0,684508"
58,29,mapped-by-core-mpi-openmp,2048 x 2048,"0,415875","8,98838e-05","0,284924","0,700894"
58,30,mapped-by-core-mpi-openmp,2048 x 2048,"0,457262","6,69956e-05","0,283514","0,740845"
58,31,mapped-by-core-mpi-openmp,2048 x 2048,"0,443015","8,89301e-05","0,270668","0,713775"
58,32,mapped-by-core-mpi-openmp,2048 x 2048,"0,45646","6,60419e-05","0,256403","0,712933"
59,1,mapped-by-core-mpi-openmp,2048 x 2048,"0,096807","9,08375e-05","0,0821149","0,179017"
59,2,mapped-by-core-mpi-openmp,2048 x 2048,"0,153729","9,39369e-05","0,113214","0,267041"
59,3,mapped-by-core-mpi-openmp,2048 x 2048,"0,102336","8,89301e-05","0,109418","0,211848"
59,4,mapped-by-core-mpi-openmp,2048 x 2048,"0,27545","8,79765e-05","0,126736","0,402278"
59,6,mapped-by-core-mpi-openmp,2048 x 2048,"0,209666","8,29697e-05","0,110166","0,319921"
59,7,mapped-by-core-mpi-openmp,2048 x 2048,"0,142733","8,91685e-05","0,142762","0,285587"
59,8,mapped-by-core-mpi-openmp,2048 x 2048,"0,217701","9,41753e-05","0,176058","0,393856"
59,9,mapped-by-core-mpi-openmp,2048 x 2048,"0,202596","8,70228e-05","0,15902","0,361707"
59,11,mapped-by-core-mpi-openmp,2048 x 2048,"0,193316","8,51154e-05","0,166123","0,359529"
59,12,mapped-by-core-mpi-openmp,2048 x 2048,"0,23053","8,51154e-05","0,179855","0,410473"
59,13,mapped-by-core-mpi-openmp,2048 x 2048,"0,271903","8,79765e-05","0,199479","0,471474"
59,14,mapped-by-core-mpi-openmp,2048 x 2048,"0,263019","8,98838e-05","0,293972","0,557085"
59,16,mapped-by-core-mpi-openmp,2048 x 2048,"0,311298","8,4877e-05","0,17599","0,487378"
59,17,mapped-by-core-mpi-openmp,2048 x 2048,"0,318011","8,4877e-05","0,205004","0,523103"
59,18,mapped-by-core-mpi-openmp,2048 x 2048,"0,301881","0,000101089","0,22385","0,525838"
59,19,mapped-by-core-mpi-openmp,2048 x 2048,"0,412085","8,29697e-05","0,358777","0,77095"
59,21,mapped-by-core-mpi-openmp,2048 x 2048,"0,31784","8,51154e-05","0,212852","0,530782"
59,22,mapped-by-core-mpi-openmp,2048 x 2048,"0,34062","8,91685e-05","0,231662","0,572375"
59,23,mapped-by-core-mpi-openmp,2048 x 2048,"0,3698","9,39369e-05","0,316506","0,686404"
59,24,mapped-by-core-mpi-openmp,2048 x 2048,"0,495949","9,48906e-05","0,217818","0,713866"
59,26,mapped-by-core-mpi-openmp,2048 x 2048,"0,445427","8,91685e-05","0,231294","0,676815"
59,27,mapped-by-core-mpi-openmp,2048 x 2048,"0,440348","9,20296e-05","0,244789","0,685232"
59,28,mapped-by-core-mpi-openmp,2048 x 2048,"0,410326","8,58307e-05","0,301504","0,711919"
59,29,mapped-by-core-mpi-openmp,2048 x 2048,"0,495221","9,60827e-05","0,332443","0,827764"
59,31,mapped-by-core-mpi-openmp,2048 x 2048,"0,458439","8,89301e-05","0,271006","0,729537"
59,32,mapped-by-core-mpi-openmp,2048 x 2048,"0,507528","9,39369e-05","0,304059","0,811684"
