1 , mapped-by-core-extra , 8196 x 8196 , 0.04475 , 5.00679e-06 , 0.201725 , 0.246481
1 , mapped-by-core-extra , 8196 x 8196 , 0.0426559 , 4.05312e-06 , 0.200728 , 0.243391
1 , mapped-by-core-extra , 8196 x 8196 , 0.0424569 , 5.00679e-06 , 0.200628 , 0.243092
1 , mapped-by-core-extra , 8196 x 8196 , 0.042675 , 5.00679e-06 , 0.200705 , 0.243386
1 , mapped-by-core-extra , 8196 x 8196 , 0.042727 , 4.05312e-06 , 0.20092 , 0.243653
2 , mapped-by-core-extra , 8196 x 8196 , 0.139653 , 3.09944e-06 , 0.147338 , 0.286995
2 , mapped-by-core-extra , 8196 x 8196 , 0.139683 , 2.14577e-06 , 0.146955 , 0.286641
2 , mapped-by-core-extra , 8196 x 8196 , 0.139282 , 2.86102e-06 , 0.146908 , 0.286193
2 , mapped-by-core-extra , 8196 x 8196 , 0.139677 , 3.09944e-06 , 0.147443 , 0.287125
2 , mapped-by-core-extra , 8196 x 8196 , 0.144297 , 5.96046e-06 , 0.151584 , 0.295888
3 , mapped-by-core-extra , 8196 x 8196 , 0.216812 , 1.90735e-06 , 0.131824 , 0.34864
3 , mapped-by-core-extra , 8196 x 8196 , 0.214767 , 3.09944e-06 , 0.129202 , 0.343973
3 , mapped-by-core-extra , 8196 x 8196 , 0.216887 , 5.96046e-06 , 0.129014 , 0.345909
3 , mapped-by-core-extra , 8196 x 8196 , 0.161911 , 3.8147e-06 , 0.128751 , 0.290666
3 , mapped-by-core-extra , 8196 x 8196 , 0.214529 , 2.14577e-06 , 0.129246 , 0.343779
4 , mapped-by-core-extra , 8196 x 8196 , 0.238684 , 1.90735e-06 , 0.120763 , 0.35945
4 , mapped-by-core-extra , 8196 x 8196 , 0.29125 , 3.09944e-06 , 0.120284 , 0.411541
4 , mapped-by-core-extra , 8196 x 8196 , 0.291551 , 3.09944e-06 , 0.120169 , 0.411724
4 , mapped-by-core-extra , 8196 x 8196 , 0.293752 , 2.14577e-06 , 0.119902 , 0.413658
4 , mapped-by-core-extra , 8196 x 8196 , 0.292103 , 3.09944e-06 , 0.122936 , 0.415044
5 , mapped-by-core-extra , 8196 x 8196 , 0.291668 , 2.86102e-06 , 0.1142 , 0.405873
5 , mapped-by-core-extra , 8196 x 8196 , 0.288845 , 2.86102e-06 , 0.114079 , 0.402928
5 , mapped-by-core-extra , 8196 x 8196 , 0.343277 , 3.09944e-06 , 0.11325 , 0.456532
5 , mapped-by-core-extra , 8196 x 8196 , 0.338973 , 1.90735e-06 , 0.1137 , 0.452679
5 , mapped-by-core-extra , 8196 x 8196 , 0.340905 , 3.09944e-06 , 0.113665 , 0.454575
6 , mapped-by-core-extra , 8196 x 8196 , 0.393987 , 3.09944e-06 , 0.113429 , 0.507421
6 , mapped-by-core-extra , 8196 x 8196 , 0.303124 , 4.05312e-06 , 0.11391 , 0.417042
6 , mapped-by-core-extra , 8196 x 8196 , 0.396529 , 1.90735e-06 , 0.112843 , 0.509375
6 , mapped-by-core-extra , 8196 x 8196 , 0.344405 , 1.90735e-06 , 0.113292 , 0.4577
6 , mapped-by-core-extra , 8196 x 8196 , 0.347754 , 3.09944e-06 , 0.113156 , 0.460915
7 , mapped-by-core-extra , 8196 x 8196 , 0.354394 , 4.05312e-06 , 0.119443 , 0.473844
7 , mapped-by-core-extra , 8196 x 8196 , 0.355026 , 1.90735e-06 , 0.117023 , 0.472053
7 , mapped-by-core-extra , 8196 x 8196 , 0.405399 , 4.05312e-06 , 0.116674 , 0.522077
7 , mapped-by-core-extra , 8196 x 8196 , 0.406989 , 2.86102e-06 , 0.117947 , 0.524941
7 , mapped-by-core-extra , 8196 x 8196 , 0.359095 , 2.14577e-06 , 0.118246 , 0.477346
8 , mapped-by-core-extra , 8196 x 8196 , 0.419354 , 3.09944e-06 , 0.127564 , 0.546923
8 , mapped-by-core-extra , 8196 x 8196 , 0.371442 , 5.96046e-06 , 0.125832 , 0.497284
8 , mapped-by-core-extra , 8196 x 8196 , 0.365865 , 1.90735e-06 , 0.127196 , 0.493067
8 , mapped-by-core-extra , 8196 x 8196 , 0.46111 , 3.8147e-06 , 0.127616 , 0.588732
8 , mapped-by-core-extra , 8196 x 8196 , 0.367075 , 3.09944e-06 , 0.124839 , 0.491919
9 , mapped-by-core-extra , 8196 x 8196 , 0.426815 , 1.90735e-06 , 0.114481 , 0.541299
9 , mapped-by-core-extra , 8196 x 8196 , 0.384287 , 3.09944e-06 , 0.115024 , 0.499315
9 , mapped-by-core-extra , 8196 x 8196 , 0.389677 , 3.09944e-06 , 0.113956 , 0.503637
9 , mapped-by-core-extra , 8196 x 8196 , 0.419998 , 2.86102e-06 , 0.114586 , 0.534588
9 , mapped-by-core-extra , 8196 x 8196 , 0.384348 , 3.09944e-06 , 0.112575 , 0.496928
10 , mapped-by-core-extra , 8196 x 8196 , 0.428995 , 3.09944e-06 , 0.113945 , 0.542944
10 , mapped-by-core-extra , 8196 x 8196 , 0.410071 , 2.86102e-06 , 0.113835 , 0.523912
10 , mapped-by-core-extra , 8196 x 8196 , 0.427969 , 3.09944e-06 , 0.11493 , 0.542904
10 , mapped-by-core-extra , 8196 x 8196 , 0.387037 , 4.05312e-06 , 0.113073 , 0.500118
10 , mapped-by-core-extra , 8196 x 8196 , 0.387651 , 2.86102e-06 , 0.115509 , 0.503164
11 , mapped-by-core-extra , 8196 x 8196 , 0.425038 , 2.86102e-06 , 0.112092 , 0.537134
11 , mapped-by-core-extra , 8196 x 8196 , 0.432476 , 6.91414e-06 , 0.112622 , 0.545109
11 , mapped-by-core-extra , 8196 x 8196 , 0.394899 , 2.86102e-06 , 0.113157 , 0.50806
11 , mapped-by-core-extra , 8196 x 8196 , 0.465197 , 1.90735e-06 , 0.112577 , 0.577777
11 , mapped-by-core-extra , 8196 x 8196 , 0.382175 , 3.09944e-06 , 0.115253 , 0.497433
12 , mapped-by-core-extra , 8196 x 8196 , 0.435573 , 3.09944e-06 , 0.113569 , 0.549147
12 , mapped-by-core-extra , 8196 x 8196 , 0.475581 , 3.09944e-06 , 0.112701 , 0.588285
12 , mapped-by-core-extra , 8196 x 8196 , 0.387766 , 3.09944e-06 , 0.113367 , 0.501138
12 , mapped-by-core-extra , 8196 x 8196 , 0.393469 , 2.14577e-06 , 0.112973 , 0.506446
12 , mapped-by-core-extra , 8196 x 8196 , 0.428509 , 5.96046e-06 , 0.11228 , 0.540797
13 , mapped-by-core-extra , 8196 x 8196 , 0.435532 , 3.8147e-06 , 0.111909 , 0.547447
13 , mapped-by-core-extra , 8196 x 8196 , 0.435597 , 5.96046e-06 , 0.111902 , 0.547507
13 , mapped-by-core-extra , 8196 x 8196 , 0.35959 , 2.86102e-06 , 0.112883 , 0.472477
13 , mapped-by-core-extra , 8196 x 8196 , 0.506735 , 2.14577e-06 , 0.112325 , 0.619063
13 , mapped-by-core-extra , 8196 x 8196 , 0.481688 , 8.10623e-06 , 0.113052 , 0.594749
14 , mapped-by-core-extra , 8196 x 8196 , 0.435249 , 1.90735e-06 , 0.112018 , 0.547271
14 , mapped-by-core-extra , 8196 x 8196 , 0.44683 , 5.96046e-06 , 0.111048 , 0.557886
14 , mapped-by-core-extra , 8196 x 8196 , 0.525659 , 3.09944e-06 , 0.111753 , 0.637416
14 , mapped-by-core-extra , 8196 x 8196 , 0.481397 , 3.8147e-06 , 0.111269 , 0.592672
14 , mapped-by-core-extra , 8196 x 8196 , 0.428942 , 2.14577e-06 , 0.111896 , 0.540842
15 , mapped-by-core-extra , 8196 x 8196 , 0.397231 , 3.8147e-06 , 0.111416 , 0.508653
15 , mapped-by-core-extra , 8196 x 8196 , 0.435795 , 1.90735e-06 , 0.111374 , 0.547174
15 , mapped-by-core-extra , 8196 x 8196 , 0.397896 , 3.09944e-06 , 0.111735 , 0.509636
15 , mapped-by-core-extra , 8196 x 8196 , 0.437295 , 6.91414e-06 , 0.110992 , 0.548297
15 , mapped-by-core-extra , 8196 x 8196 , 0.39004 , 4.05312e-06 , 0.11176 , 0.501807
16 , mapped-by-core-extra , 8196 x 8196 , 0.48008 , 3.09944e-06 , 0.112933 , 0.59302
16 , mapped-by-core-extra , 8196 x 8196 , 0.404546 , 3.09944e-06 , 0.111878 , 0.516429
16 , mapped-by-core-extra , 8196 x 8196 , 0.441696 , 4.05312e-06 , 0.112651 , 0.554353
16 , mapped-by-core-extra , 8196 x 8196 , 0.481028 , 6.91414e-06 , 0.11321 , 0.594247
16 , mapped-by-core-extra , 8196 x 8196 , 0.43333 , 4.05312e-06 , 0.112182 , 0.545518
17 , mapped-by-core-extra , 8196 x 8196 , 0.673985 , 7.86781e-06 , 0.122892 , 0.796888
17 , mapped-by-core-extra , 8196 x 8196 , 0.613286 , 7.15256e-06 , 0.120673 , 0.733969
17 , mapped-by-core-extra , 8196 x 8196 , 0.65075 , 1.12057e-05 , 0.167362 , 0.818125
17 , mapped-by-core-extra , 8196 x 8196 , 0.537552 , 7.15256e-06 , 0.150508 , 0.688071
17 , mapped-by-core-extra , 8196 x 8196 , 0.545944 , 7.15256e-06 , 0.144609 , 0.690564
18 , mapped-by-core-extra , 8196 x 8196 , 0.551344 , 5.96046e-06 , 0.112422 , 0.663775
18 , mapped-by-core-extra , 8196 x 8196 , 0.617125 , 6.91414e-06 , 0.130461 , 0.747595
18 , mapped-by-core-extra , 8196 x 8196 , 0.606109 , 1.00136e-05 , 0.154432 , 0.760555
18 , mapped-by-core-extra , 8196 x 8196 , 0.583647 , 1.00136e-05 , 0.152248 , 0.735909
18 , mapped-by-core-extra , 8196 x 8196 , 0.770398 , 7.15256e-06 , 0.117633 , 0.888042
19 , mapped-by-core-extra , 8196 x 8196 , 0.667924 , 5.96046e-06 , 0.113659 , 0.781591
19 , mapped-by-core-extra , 8196 x 8196 , 0.588044 , 6.91414e-06 , 0.11322 , 0.701275
19 , mapped-by-core-extra , 8196 x 8196 , 0.621469 , 5.96046e-06 , 0.149208 , 0.770687
19 , mapped-by-core-extra , 8196 x 8196 , 0.597816 , 5.00679e-06 , 0.158712 , 0.756535
19 , mapped-by-core-extra , 8196 x 8196 , 0.682842 , 7.15256e-06 , 0.119424 , 0.802277
20 , mapped-by-core-extra , 8196 x 8196 , 0.636666 , 7.15256e-06 , 0.124437 , 0.761114
20 , mapped-by-core-extra , 8196 x 8196 , 0.71094 , 6.19888e-06 , 0.113266 , 0.824216
20 , mapped-by-core-extra , 8196 x 8196 , 0.626848 , 8.10623e-06 , 0.113673 , 0.740531
20 , mapped-by-core-extra , 8196 x 8196 , 0.630594 , 7.15256e-06 , 0.153174 , 0.783778
20 , mapped-by-core-extra , 8196 x 8196 , 0.60546 , 2.86102e-06 , 0.116181 , 0.721647
21 , mapped-by-core-extra , 8196 x 8196 , 0.708218 , 9.05991e-06 , 0.119794 , 0.828024
21 , mapped-by-core-extra , 8196 x 8196 , 0.575787 , 3.8147e-06 , 0.14066 , 0.716454
21 , mapped-by-core-extra , 8196 x 8196 , 0.637853 , 9.05991e-06 , 0.164782 , 0.802649
21 , mapped-by-core-extra , 8196 x 8196 , 0.654019 , 2.86102e-06 , 0.116113 , 0.770138
21 , mapped-by-core-extra , 8196 x 8196 , 0.658431 , 7.15256e-06 , 0.116532 , 0.774973
22 , mapped-by-core-extra , 8196 x 8196 , 0.731898 , 8.10623e-06 , 0.121115 , 0.853026
22 , mapped-by-core-extra , 8196 x 8196 , 0.670552 , 7.86781e-06 , 0.1184 , 0.788964
22 , mapped-by-core-extra , 8196 x 8196 , 0.645499 , 8.10623e-06 , 0.149862 , 0.795373
22 , mapped-by-core-extra , 8196 x 8196 , 0.587693 , 6.91414e-06 , 0.147503 , 0.735207
22 , mapped-by-core-extra , 8196 x 8196 , 0.720148 , 8.10623e-06 , 0.118297 , 0.838457
23 , mapped-by-core-extra , 8196 x 8196 , 0.660121 , 5.96046e-06 , 0.114731 , 0.774863
23 , mapped-by-core-extra , 8196 x 8196 , 0.746232 , 3.09944e-06 , 0.118447 , 0.864685
23 , mapped-by-core-extra , 8196 x 8196 , 0.66003 , 9.05991e-06 , 0.118161 , 0.778203
23 , mapped-by-core-extra , 8196 x 8196 , 0.730721 , 7.86781e-06 , 0.120179 , 0.850911
23 , mapped-by-core-extra , 8196 x 8196 , 0.735187 , 9.05991e-06 , 0.120267 , 0.855468
24 , mapped-by-core-extra , 8196 x 8196 , 0.750255 , 8.10623e-06 , 0.119284 , 0.86955
24 , mapped-by-core-extra , 8196 x 8196 , 0.745293 , 1.40667e-05 , 0.168113 , 0.913423
24 , mapped-by-core-extra , 8196 x 8196 , 0.710809 , 1.21593e-05 , 0.160165 , 0.870989
24 , mapped-by-core-extra , 8196 x 8196 , 0.684523 , 8.82149e-06 , 0.120686 , 0.805221
24 , mapped-by-core-extra , 8196 x 8196 , 0.718323 , 5.00679e-06 , 0.121004 , 0.839335
25 , mapped-by-core-extra , 8196 x 8196 , 0.755395 , 1.00136e-05 , 0.123117 , 0.878528
25 , mapped-by-core-extra , 8196 x 8196 , 0.676839 , 8.82149e-06 , 0.144864 , 0.821716
25 , mapped-by-core-extra , 8196 x 8196 , 0.758373 , 8.82149e-06 , 0.120086 , 0.878471
25 , mapped-by-core-extra , 8196 x 8196 , 0.693435 , 7.86781e-06 , 0.120255 , 0.813701
25 , mapped-by-core-extra , 8196 x 8196 , 0.729295 , 3.09944e-06 , 0.121998 , 0.851301
26 , mapped-by-core-extra , 8196 x 8196 , 0.885526 , 1.19209e-05 , 0.121159 , 1.0067
26 , mapped-by-core-extra , 8196 x 8196 , 0.715767 , 1.00136e-05 , 0.117895 , 0.833677
26 , mapped-by-core-extra , 8196 x 8196 , 0.717462 , 1.19209e-05 , 0.121408 , 0.838887
26 , mapped-by-core-extra , 8196 x 8196 , 0.723689 , 8.10623e-06 , 0.116107 , 0.839808
26 , mapped-by-core-extra , 8196 x 8196 , 0.731525 , 9.05991e-06 , 0.123015 , 0.854553
27 , mapped-by-core-extra , 8196 x 8196 , 0.710891 , 1.09673e-05 , 0.162999 , 0.873907
27 , mapped-by-core-extra , 8196 x 8196 , 2.14842 , 1.4782e-05 , 0.167149 , 2.31558
27 , mapped-by-core-extra , 8196 x 8196 , 0.780104 , 9.05991e-06 , 0.122905 , 0.903022
27 , mapped-by-core-extra , 8196 x 8196 , 0.839623 , 8.82149e-06 , 0.1186 , 0.958237
27 , mapped-by-core-extra , 8196 x 8196 , 0.728109 , 3.09944e-06 , 0.153258 , 0.881374
28 , mapped-by-core-extra , 8196 x 8196 , 0.744043 , 9.05991e-06 , 0.121534 , 0.865591
28 , mapped-by-core-extra , 8196 x 8196 , 2.52851 , 1.19209e-05 , 0.224737 , 2.75326
28 , mapped-by-core-extra , 8196 x 8196 , 2.05118 , 1.09673e-05 , 0.121869 , 2.17306
28 , mapped-by-core-extra , 8196 x 8196 , 0.658156 , 1.12057e-05 , 0.120795 , 0.778965
28 , mapped-by-core-extra , 8196 x 8196 , 1.23813 , 3.09944e-06 , 0.119649 , 1.35778
29 , mapped-by-core-extra , 8196 x 8196 , 0.732161 , 5.00679e-06 , 0.120025 , 0.852195
29 , mapped-by-core-extra , 8196 x 8196 , 1.3001 , 1.09673e-05 , 0.124733 , 1.42485
29 , mapped-by-core-extra , 8196 x 8196 , 2.18889 , 1.00136e-05 , 0.236661 , 2.42557
29 , mapped-by-core-extra , 8196 x 8196 , 1.50227 , 1.19209e-05 , 0.113257 , 1.61555
29 , mapped-by-core-extra , 8196 x 8196 , 0.801092 , 1.09673e-05 , 0.15823 , 0.959337
30 , mapped-by-core-extra , 8196 x 8196 , 1.24013 , 1.00136e-05 , 0.119076 , 1.35922
30 , mapped-by-core-extra , 8196 x 8196 , 0.704009 , 1.00136e-05 , 0.118986 , 0.823008
30 , mapped-by-core-extra , 8196 x 8196 , 1.82527 , 1.28746e-05 , 0.119783 , 1.94508
30 , mapped-by-core-extra , 8196 x 8196 , 0.779621 , 1.40667e-05 , 0.115049 , 0.894689
30 , mapped-by-core-extra , 8196 x 8196 , 2.49944 , 2.86102e-06 , 0.201772 , 2.70122
31 , mapped-by-core-extra , 8196 x 8196 , 2.19188 , 1.12057e-05 , 0.224683 , 2.41658
31 , mapped-by-core-extra , 8196 x 8196 , 4.45323 , 1.50204e-05 , 0.152261 , 4.60551
31 , mapped-by-core-extra , 8196 x 8196 , 3.72987 , 1.28746e-05 , 0.132662 , 3.86255
31 , mapped-by-core-extra , 8196 x 8196 , 1.84902 , 1.09673e-05 , 0.133529 , 1.98257
31 , mapped-by-core-extra , 8196 x 8196 , 2.21268 , 1.00136e-05 , 0.201259 , 2.41395
32 , mapped-by-core-extra , 8196 x 8196 , 4.52374 , 7.86781e-06 , 0.170473 , 4.69423
32 , mapped-by-core-extra , 8196 x 8196 , 2.16365 , 1.09673e-05 , 0.139733 , 2.3034
32 , mapped-by-core-extra , 8196 x 8196 , 6.43802 , 8.82149e-06 , 0.28418 , 6.72222
32 , mapped-by-core-extra , 8196 x 8196 , 4.74362 , 1.21593e-05 , 0.170594 , 4.91423
32 , mapped-by-core-extra , 8196 x 8196 , 6.33647 , 1.00136e-05 , 0.216301 , 6.55279
33 , mapped-by-core-extra , 8196 x 8196 , 3.94607 , 9.05991e-06 , 0.164743 , 4.11083
33 , mapped-by-core-extra , 8196 x 8196 , 4.40377 , 5.96046e-06 , 0.216148 , 4.61993
33 , mapped-by-core-extra , 8196 x 8196 , 5.41548 , 1.3113e-05 , 0.20799 , 5.62349
33 , mapped-by-core-extra , 8196 x 8196 , 5.62283 , 1.19209e-05 , 0.310703 , 5.93355
33 , mapped-by-core-extra , 8196 x 8196 , 5.02955 , 9.05991e-06 , 0.274233 , 5.3038
34 , mapped-by-core-extra , 8196 x 8196 , 5.04284 , 1.09673e-05 , 0.331532 , 5.37439
34 , mapped-by-core-extra , 8196 x 8196 , 5.15282 , 8.10623e-06 , 0.316229 , 5.46907
34 , mapped-by-core-extra , 8196 x 8196 , 6.54509 , 1.00136e-05 , 0.333858 , 6.87897
34 , mapped-by-core-extra , 8196 x 8196 , 5.41772 , 1.00136e-05 , 0.311829 , 5.72956
34 , mapped-by-core-extra , 8196 x 8196 , 5.45934 , 1.09673e-05 , 0.297423 , 5.75678
35 , mapped-by-core-extra , 8196 x 8196 , 7.16118 , 1.00136e-05 , 0.380383 , 7.54159
35 , mapped-by-core-extra , 8196 x 8196 , 3.95679 , 5.00679e-06 , 0.351165 , 4.30797
35 , mapped-by-core-extra , 8196 x 8196 , 3.31797 , 1.21593e-05 , 0.339484 , 3.65746
35 , mapped-by-core-extra , 8196 x 8196 , 6.29643 , 1.00136e-05 , 0.306391 , 6.60283
35 , mapped-by-core-extra , 8196 x 8196 , 7.10046 , 5.96046e-06 , 0.328702 , 7.42917
36 , mapped-by-core-extra , 8196 x 8196 , 5.59054 , 1.09673e-05 , 0.478109 , 6.06866
36 , mapped-by-core-extra , 8196 x 8196 , 4.36908 , 1.21593e-05 , 0.375651 , 4.74475
36 , mapped-by-core-extra , 8196 x 8196 , 5.12383 , 1.3113e-05 , 0.420942 , 5.54479
36 , mapped-by-core-extra , 8196 x 8196 , 5.21871 , 1.09673e-05 , 0.431448 , 5.65018
36 , mapped-by-core-extra , 8196 x 8196 , 5.02183 , 5.00679e-06 , 0.387982 , 5.40982
37 , mapped-by-core-extra , 8196 x 8196 , 5.18345 , 8.10623e-06 , 0.486423 , 5.66988
37 , mapped-by-core-extra , 8196 x 8196 , 3.87441 , 1.3113e-05 , 0.418119 , 4.29255
37 , mapped-by-core-extra , 8196 x 8196 , 4.97623 , 1.00136e-05 , 0.464559 , 5.4408
37 , mapped-by-core-extra , 8196 x 8196 , 3.33808 , 3.09944e-06 , 0.361944 , 3.70003
37 , mapped-by-core-extra , 8196 x 8196 , 5.10914 , 3.8147e-06 , 0.391803 , 5.50095
38 , mapped-by-core-extra , 8196 x 8196 , 5.64734 , 1.12057e-05 , 0.528687 , 6.17604
38 , mapped-by-core-extra , 8196 x 8196 , 5.68165 , 7.86781e-06 , 0.578009 , 6.25967
38 , mapped-by-core-extra , 8196 x 8196 , 3.84393 , 5.96046e-06 , 0.514151 , 4.3581
38 , mapped-by-core-extra , 8196 x 8196 , 5.20883 , 5.96046e-06 , 0.563678 , 5.77252
38 , mapped-by-core-extra , 8196 x 8196 , 3.27213 , 1.09673e-05 , 0.551374 , 3.82352
39 , mapped-by-core-extra , 8196 x 8196 , 7.35834 , 7.15256e-06 , 0.758958 , 8.11731
39 , mapped-by-core-extra , 8196 x 8196 , 5.1791 , 1.00136e-05 , 0.598799 , 5.77792
39 , mapped-by-core-extra , 8196 x 8196 , 3.35596 , 1.00136e-05 , 0.56257 , 3.91854
39 , mapped-by-core-extra , 8196 x 8196 , 5.08501 , 1.21593e-05 , 0.503938 , 5.58897
39 , mapped-by-core-extra , 8196 x 8196 , 6.56018 , 1.28746e-05 , 0.611259 , 7.17146
40 , mapped-by-core-extra , 8196 x 8196 , 5.61847 , 3.8147e-06 , 0.521395 , 6.13987
40 , mapped-by-core-extra , 8196 x 8196 , 3.31875 , 2.86102e-06 , 0.54378 , 3.86254
40 , mapped-by-core-extra , 8196 x 8196 , 4.71159 , 3.09944e-06 , 0.588811 , 5.3004
40 , mapped-by-core-extra , 8196 x 8196 , 3.85273 , 1.38283e-05 , 0.587638 , 4.44039
40 , mapped-by-core-extra , 8196 x 8196 , 6.10829 , 5.96046e-06 , 0.588565 , 6.69687
41 , mapped-by-core-extra , 8196 x 8196 , 6.23696 , 3.09944e-06 , 0.643416 , 6.88038
41 , mapped-by-core-extra , 8196 x 8196 , 3.90064 , 1.19209e-05 , 0.654195 , 4.55486
41 , mapped-by-core-extra , 8196 x 8196 , 3.33045 , 9.05991e-06 , 0.606773 , 3.93724
41 , mapped-by-core-extra , 8196 x 8196 , 5.34844 , 5.96046e-06 , 0.659049 , 6.00749
41 , mapped-by-core-extra , 8196 x 8196 , 4.75658 , 5.00679e-06 , 0.585514 , 5.3421
42 , mapped-by-core-extra , 8196 x 8196 , 4.22543 , 1.00136e-05 , 0.700529 , 4.92598
42 , mapped-by-core-extra , 8196 x 8196 , 4.79876 , 1.09673e-05 , 0.742574 , 5.54135
42 , mapped-by-core-extra , 8196 x 8196 , 6.16463 , 9.77516e-06 , 0.777749 , 6.94239
42 , mapped-by-core-extra , 8196 x 8196 , 5.84125 , 4.05312e-06 , 0.683652 , 6.52491
42 , mapped-by-core-extra , 8196 x 8196 , 7.36358 , 1.50204e-05 , 0.695771 , 8.05937
43 , mapped-by-core-extra , 8196 x 8196 , 6.44332 , 2.86102e-06 , 0.796845 , 7.24017
43 , mapped-by-core-extra , 8196 x 8196 , 5.99914 , 8.10623e-06 , 0.720833 , 6.71998
43 , mapped-by-core-extra , 8196 x 8196 , 4.82396 , 1.5974e-05 , 0.773859 , 5.59784
43 , mapped-by-core-extra , 8196 x 8196 , 5.34759 , 7.15256e-06 , 0.753957 , 6.10156
43 , mapped-by-core-extra , 8196 x 8196 , 4.12829 , 7.86781e-06 , 0.727615 , 4.85592
44 , mapped-by-core-extra , 8196 x 8196 , 6.14304 , 6.91414e-06 , 0.880613 , 7.02367
44 , mapped-by-core-extra , 8196 x 8196 , 3.88193 , 1.09673e-05 , 0.750391 , 4.63234
44 , mapped-by-core-extra , 8196 x 8196 , 5.96646 , 8.82149e-06 , 0.837415 , 6.80389
44 , mapped-by-core-extra , 8196 x 8196 , 5.28806 , 5.00679e-06 , 0.756915 , 6.04498
44 , mapped-by-core-extra , 8196 x 8196 , 5.13387 , 1.3113e-05 , 0.750408 , 5.8843
45 , mapped-by-core-extra , 8196 x 8196 , 5.83922 , 1.21593e-05 , 0.818068 , 6.65731
45 , mapped-by-core-extra , 8196 x 8196 , 5.37885 , 1.21593e-05 , 0.803966 , 6.18283
45 , mapped-by-core-extra , 8196 x 8196 , 6.52484 , 1.00136e-05 , 0.844004 , 7.36885
45 , mapped-by-core-extra , 8196 x 8196 , 5.27161 , 1.00136e-05 , 0.813784 , 6.0854
45 , mapped-by-core-extra , 8196 x 8196 , 5.84344 , 1.19209e-05 , 0.762166 , 6.60562
46 , mapped-by-core-extra , 8196 x 8196 , 7.13518 , 6.19888e-06 , 0.910337 , 8.04552
46 , mapped-by-core-extra , 8196 x 8196 , 7.73187 , 7.86781e-06 , 0.916902 , 8.64879
46 , mapped-by-core-extra , 8196 x 8196 , 5.95454 , 4.05312e-06 , 0.883365 , 6.83791
46 , mapped-by-core-extra , 8196 x 8196 , 4.94798 , 1.5974e-05 , 0.853713 , 5.80171
46 , mapped-by-core-extra , 8196 x 8196 , 5.02515 , 1.19209e-05 , 0.840679 , 5.86585
47 , mapped-by-core-extra , 8196 x 8196 , 6.55542 , 4.05312e-06 , 0.923791 , 7.47921
47 , mapped-by-core-extra , 8196 x 8196 , 5.90511 , 4.05312e-06 , 0.83323 , 6.73835
47 , mapped-by-core-extra , 8196 x 8196 , 4.91625 , 1.09673e-05 , 0.868367 , 5.78464
47 , mapped-by-core-extra , 8196 x 8196 , 4.97301 , 9.05991e-06 , 0.847674 , 5.8207
47 , mapped-by-core-extra , 8196 x 8196 , 4.48428 , 8.10623e-06 , 0.987982 , 5.47227
48 , mapped-by-core-extra , 8196 x 8196 , 5.17872 , 1.12057e-05 , 0.922918 , 6.10166
48 , mapped-by-core-extra , 8196 x 8196 , 5.01192 , 1.09673e-05 , 0.925638 , 5.93758
48 , mapped-by-core-extra , 8196 x 8196 , 3.91174 , 1.00136e-05 , 0.903089 , 4.81485
48 , mapped-by-core-extra , 8196 x 8196 , 6.60498 , 2.86102e-06 , 0.85826 , 7.46325
48 , mapped-by-core-extra , 8196 x 8196 , 5.23277 , 1.19209e-05 , 0.961932 , 6.19472
49 , mapped-by-core-extra , 8196 x 8196 , 5.92737 , 9.05991e-06 , 0.935233 , 6.86261
49 , mapped-by-core-extra , 8196 x 8196 , 6.17718 , 9.05991e-06 , 1.03488 , 7.21207
49 , mapped-by-core-extra , 8196 x 8196 , 3.3845 , 1.09673e-05 , 0.934318 , 4.31883
49 , mapped-by-core-extra , 8196 x 8196 , 7.00578 , 1.19209e-05 , 0.970384 , 7.97618
49 , mapped-by-core-extra , 8196 x 8196 , 3.03624 , 5.96046e-06 , 0.934317 , 3.97057
50 , mapped-by-core-extra , 8196 x 8196 , 3.5617 , 1.28746e-05 , 0.948884 , 4.5106
50 , mapped-by-core-extra , 8196 x 8196 , 5.66358 , 3.8147e-06 , 0.978182 , 6.64178
50 , mapped-by-core-extra , 8196 x 8196 , 5.45703 , 1.19209e-05 , 1.01177 , 6.46881
50 , mapped-by-core-extra , 8196 x 8196 , 3.87415 , 5.96046e-06 , 0.959761 , 4.83392
50 , mapped-by-core-extra , 8196 x 8196 , 5.70588 , 1.00136e-05 , 0.930686 , 6.63658
51 , mapped-by-core-extra , 8196 x 8196 , 5.67733 , 1.19209e-05 , 0.979564 , 6.65691
51 , mapped-by-core-extra , 8196 x 8196 , 5.93401 , 8.10623e-06 , 1.07595 , 7.00997
51 , mapped-by-core-extra , 8196 x 8196 , 5.19134 , 1.90735e-06 , 0.936483 , 6.12783
51 , mapped-by-core-extra , 8196 x 8196 , 2.98257 , 9.05991e-06 , 0.945941 , 3.92853
51 , mapped-by-core-extra , 8196 x 8196 , 5.43691 , 1.21593e-05 , 0.997083 , 6.43401
52 , mapped-by-core-extra , 8196 x 8196 , 6.12952 , 8.10623e-06 , 1.01999 , 7.14953
52 , mapped-by-core-extra , 8196 x 8196 , 4.76278 , 5.00679e-06 , 1.00255 , 5.76535
52 , mapped-by-core-extra , 8196 x 8196 , 5.8984 , 1.00136e-05 , 0.999536 , 6.89795
52 , mapped-by-core-extra , 8196 x 8196 , 3.98757 , 1.09673e-05 , 0.979691 , 4.96728
52 , mapped-by-core-extra , 8196 x 8196 , 6.1057 , 1.19209e-05 , 1.01287 , 7.11858
53 , mapped-by-core-extra , 8196 x 8196 , 4.18453 , 8.10623e-06 , 1.05373 , 5.23828
53 , mapped-by-core-extra , 8196 x 8196 , 6.6324 , 9.05991e-06 , 1.05262 , 7.68504
53 , mapped-by-core-extra , 8196 x 8196 , 5.8474 , 4.05312e-06 , 1.21858 , 7.06598
53 , mapped-by-core-extra , 8196 x 8196 , 3.97013 , 4.05312e-06 , 1.02791 , 4.99806
53 , mapped-by-core-extra , 8196 x 8196 , 5.91648 , 2.86102e-06 , 1.12588 , 7.04236
54 , mapped-by-core-extra , 8196 x 8196 , 5.05803 , 6.19888e-06 , 1.19234 , 6.25039
54 , mapped-by-core-extra , 8196 x 8196 , 4.85474 , 7.86781e-06 , 1.13381 , 5.98856
54 , mapped-by-core-extra , 8196 x 8196 , 6.27577 , 5.96046e-06 , 1.07079 , 7.34658
54 , mapped-by-core-extra , 8196 x 8196 , 4.82001 , 1.09673e-05 , 1.05194 , 5.87197
54 , mapped-by-core-extra , 8196 x 8196 , 2.8698 , 1.40667e-05 , 1.04332 , 3.91315
55 , mapped-by-core-extra , 8196 x 8196 , 5.8086 , 5.00679e-06 , 1.04423 , 6.85284
55 , mapped-by-core-extra , 8196 x 8196 , 3.55264 , 4.05312e-06 , 1.06492 , 4.61757
55 , mapped-by-core-extra , 8196 x 8196 , 3.18979 , 6.91414e-06 , 1.03186 , 4.22167
55 , mapped-by-core-extra , 8196 x 8196 , 3.92542 , 5.00679e-06 , 1.04914 , 4.97456
55 , mapped-by-core-extra , 8196 x 8196 , 3.6374 , 8.82149e-06 , 1.11191 , 4.74932
56 , mapped-by-core-extra , 8196 x 8196 , 5.1327 , 1.09673e-05 , 1.13622 , 6.26893
56 , mapped-by-core-extra , 8196 x 8196 , 3.77296 , 9.05991e-06 , 1.12265 , 4.89562
56 , mapped-by-core-extra , 8196 x 8196 , 5.41528 , 1.09673e-05 , 1.12263 , 6.53793
56 , mapped-by-core-extra , 8196 x 8196 , 5.15997 , 1.19209e-05 , 1.09442 , 6.2544
56 , mapped-by-core-extra , 8196 x 8196 , 7.60853 , 5.00679e-06 , 1.11015 , 8.71869
57 , mapped-by-core-extra , 8196 x 8196 , 3.64134 , 1.00136e-05 , 1.11655 , 4.75791
57 , mapped-by-core-extra , 8196 x 8196 , 3.39512 , 9.05991e-06 , 1.1176 , 4.51274
57 , mapped-by-core-extra , 8196 x 8196 , 5.06261 , 7.15256e-06 , 1.13772 , 6.20035
57 , mapped-by-core-extra , 8196 x 8196 , 5.4457 , 1.09673e-05 , 1.163 , 6.60872
57 , mapped-by-core-extra , 8196 x 8196 , 5.34005 , 3.09944e-06 , 1.06762 , 6.40768
58 , mapped-by-core-extra , 8196 x 8196 , 6.78064 , 7.15256e-06 , 1.31537 , 8.09601
58 , mapped-by-core-extra , 8196 x 8196 , 6.81852 , 6.91414e-06 , 1.26066 , 8.07919
58 , mapped-by-core-extra , 8196 x 8196 , 4.06789 , 1.12057e-05 , 1.12842 , 5.19633
58 , mapped-by-core-extra , 8196 x 8196 , 6.36336 , 1.3113e-05 , 1.20551 , 7.56889
58 , mapped-by-core-extra , 8196 x 8196 , 3.83289 , 1.00136e-05 , 1.18842 , 5.02132
59 , mapped-by-core-extra , 8196 x 8196 , 3.01303 , 1.21593e-05 , 1.17157 , 4.18461
59 , mapped-by-core-extra , 8196 x 8196 , 4.48396 , 8.10623e-06 , 1.2257 , 5.70967
59 , mapped-by-core-extra , 8196 x 8196 , 5.44605 , 6.91414e-06 , 1.16571 , 6.61177
59 , mapped-by-core-extra , 8196 x 8196 , 3.80985 , 8.10623e-06 , 1.15897 , 4.96883
59 , mapped-by-core-extra , 8196 x 8196 , 5.57712 , 7.86781e-06 , 1.19885 , 6.77599
60 , mapped-by-core-extra , 8196 x 8196 , 5.53571 , 1.50204e-05 , 1.22542 , 6.76115
60 , mapped-by-core-extra , 8196 x 8196 , 7.04665 , 1.19209e-05 , 1.21303 , 8.2597
60 , mapped-by-core-extra , 8196 x 8196 , 5.68879 , 8.82149e-06 , 1.29458 , 6.98338
60 , mapped-by-core-extra , 8196 x 8196 , 5.08761 , 6.91414e-06 , 1.21992 , 6.30754
60 , mapped-by-core-extra , 8196 x 8196 , 6.71251 , 7.86781e-06 , 1.17522 , 7.88774
61 , mapped-by-core-extra , 8196 x 8196 , 6.58621 , 1.19209e-05 , 1.20712 , 7.79334
61 , mapped-by-core-extra , 8196 x 8196 , 5.13835 , 4.05312e-06 , 1.22285 , 6.36121
61 , mapped-by-core-extra , 8196 x 8196 , 6.12856 , 3.09944e-06 , 1.19223 , 7.3208
61 , mapped-by-core-extra , 8196 x 8196 , 5.32244 , 7.15256e-06 , 1.33069 , 6.65315
61 , mapped-by-core-extra , 8196 x 8196 , 5.05524 , 5.96046e-06 , 1.18518 , 6.24043
62 , mapped-by-core-extra , 8196 x 8196 , 5.84344 , 4.05312e-06 , 1.22437 , 7.06782
62 , mapped-by-core-extra , 8196 x 8196 , 5.11553 , 1.00136e-05 , 1.29995 , 6.41549
62 , mapped-by-core-extra , 8196 x 8196 , 5.08811 , 1.00136e-05 , 1.24732 , 6.33544
62 , mapped-by-core-extra , 8196 x 8196 , 6.05629 , 5.00679e-06 , 1.17696 , 7.23326
62 , mapped-by-core-extra , 8196 x 8196 , 5.83905 , 4.05312e-06 , 1.28537 , 7.12443
63 , mapped-by-core-extra , 8196 x 8196 , 7.3107 , 6.19888e-06 , 1.20598 , 8.51669
63 , mapped-by-core-extra , 8196 x 8196 , 5.87219 , 5.96046e-06 , 1.33395 , 7.20615
63 , mapped-by-core-extra , 8196 x 8196 , 4.24134 , 5.96046e-06 , 1.26861 , 5.50996
63 , mapped-by-core-extra , 8196 x 8196 , 5.95059 , 5.00679e-06 , 1.23553 , 7.18614
63 , mapped-by-core-extra , 8196 x 8196 , 4.32945 , 4.05312e-06 , 1.23747 , 5.56693
64 , mapped-by-core-extra , 8196 x 8196 , 6.13924 , 7.15256e-06 , 1.33456 , 7.47381
64 , mapped-by-core-extra , 8196 x 8196 , 5.88879 , 1.50204e-05 , 1.32162 , 7.21043
64 , mapped-by-core-extra , 8196 x 8196 , 5.9106 , 6.91414e-06 , 1.30157 , 7.21218
64 , mapped-by-core-extra , 8196 x 8196 , 6.81193 , 8.10623e-06 , 1.35855 , 8.17049
64 , mapped-by-core-extra , 8196 x 8196 , 5.93411 , 1.09673e-05 , 1.29873 , 7.23285
