60 , 1 , mapped-by-core-mpi-openmp , 2048 x 2048 , 0.0877509 , 9.60827e-05 , 0.0770271 , 0.164878
60 , 2 , mapped-by-core-mpi-openmp , 2048 x 2048 , 0.250786 , 8.89301e-05 , 0.176823 , 0.427702
60 , 3 , mapped-by-core-mpi-openmp , 2048 x 2048 , 0.111134 , 9.89437e-05 , 0.147173 , 0.25841
60 , 4 , mapped-by-core-mpi-openmp , 2048 x 2048 , 0.114852 , 7.79629e-05 , 0.113009 , 0.227942
60 , 5 , mapped-by-core-mpi-openmp , 2048 x 2048 , 0.116142 , 8.79765e-05 , 0.13004 , 0.246274
60 , 6 , mapped-by-core-mpi-openmp , 2048 x 2048 , 0.157487 , 9.70364e-05 , 0.158999 , 0.316588
60 , 7 , mapped-by-core-mpi-openmp , 2048 x 2048 , 0.160765 , 6.50883e-05 , 0.148214 , 0.309048
60 , 8 , mapped-by-core-mpi-openmp , 2048 x 2048 , 0.167366 , 8.39233e-05 , 0.150702 , 0.318157
60 , 9 , mapped-by-core-mpi-openmp , 2048 x 2048 , 0.16107 , 8.70228e-05 , 0.162682 , 0.323843
60 , 10 , mapped-by-core-mpi-openmp , 2048 x 2048 , 0.285501 , 8.4877e-05 , 0.16686 , 0.45245
60 , 11 , mapped-by-core-mpi-openmp , 2048 x 2048 , 0.208942 , 6.29425e-05 , 0.168035 , 0.377043
60 , 12 , mapped-by-core-mpi-openmp , 2048 x 2048 , 0.220794 , 8.79765e-05 , 0.175737 , 0.396621
60 , 13 , mapped-by-core-mpi-openmp , 2048 x 2048 , 0.242253 , 8.2016e-05 , 0.201402 , 0.443741
60 , 14 , mapped-by-core-mpi-openmp , 2048 x 2048 , 0.337778 , 8.79765e-05 , 0.197457 , 0.535326
60 , 15 , mapped-by-core-mpi-openmp , 2048 x 2048 , 0.271269 , 8.51154e-05 , 0.182973 , 0.454332
60 , 16 , mapped-by-core-mpi-openmp , 2048 x 2048 , 0.286259 , 7.70092e-05 , 0.176622 , 0.462963
60 , 17 , mapped-by-core-mpi-openmp , 2048 x 2048 , 0.29597 , 8.82149e-05 , 0.207689 , 0.503751
60 , 18 , mapped-by-core-mpi-openmp , 2048 x 2048 , 0.356572 , 9.799e-05 , 0.210309 , 0.566983
60 , 19 , mapped-by-core-mpi-openmp , 2048 x 2048 , 0.305942 , 8.10623e-05 , 0.217356 , 0.523383
60 , 20 , mapped-by-core-mpi-openmp , 2048 x 2048 , 0.446654 , 8.70228e-05 , 0.373357 , 0.820103
60 , 21 , mapped-by-core-mpi-openmp , 2048 x 2048 , 0.348387 , 9.10759e-05 , 0.229964 , 0.578448
60 , 22 , mapped-by-core-mpi-openmp , 2048 x 2048 , 0.388221 , 7.48634e-05 , 0.260801 , 0.6491
60 , 23 , mapped-by-core-mpi-openmp , 2048 x 2048 , 0.351862 , 9.39369e-05 , 0.247548 , 0.599508
60 , 24 , mapped-by-core-mpi-openmp , 2048 x 2048 , 0.390593 , 8.79765e-05 , 0.286387 , 0.677072
60 , 25 , mapped-by-core-mpi-openmp , 2048 x 2048 , 0.380564 , 8.91685e-05 , 0.228889 , 0.609544
60 , 26 , mapped-by-core-mpi-openmp , 2048 x 2048 , 0.451209 , 8.2016e-05 , 0.367133 , 0.818427
60 , 27 , mapped-by-core-mpi-openmp , 2048 x 2048 , 0.5043 , 8.51154e-05 , 0.257787 , 0.762176
60 , 28 , mapped-by-core-mpi-openmp , 2048 x 2048 , 0.49623 , 8.51154e-05 , 0.249812 , 0.746132
60 , 29 , mapped-by-core-mpi-openmp , 2048 x 2048 , 0.529821 , 8.60691e-05 , 0.296228 , 0.826138
60 , 30 , mapped-by-core-mpi-openmp , 2048 x 2048 , 0.549726 , 8.89301e-05 , 0.289531 , 0.83935
60 , 31 , mapped-by-core-mpi-openmp , 2048 x 2048 , 0.556397 , 8.98838e-05 , 0.313558 , 0.870047
60 , 32 , mapped-by-core-mpi-openmp , 2048 x 2048 , 0.541972 , 9.41753e-05 , 0.300276 , 0.842346
60 , 1 , mapped-by-core-mpi-openmp , 2048 x 2048 , 0.199399 , 8.10623e-05 , 0.103968 , 0.303453
60 , 2 , mapped-by-core-mpi-openmp , 2048 x 2048 , 0.102708 , 8.29697e-05 , 0.088547 , 0.191342
60 , 3 , mapped-by-core-mpi-openmp , 2048 x 2048 , 0.131225 , 9.799e-05 , 0.125947 , 0.257273
60 , 4 , mapped-by-core-mpi-openmp , 2048 x 2048 , 0.109618 , 8.58307e-05 , 0.123228 , 0.232935
60 , 5 , mapped-by-core-mpi-openmp , 2048 x 2048 , 0.189768 , 9.10759e-05 , 0.106479 , 0.296343
60 , 6 , mapped-by-core-mpi-openmp , 2048 x 2048 , 0.146773 , 7.39098e-05 , 0.111508 , 0.258361
60 , 7 , mapped-by-core-mpi-openmp , 2048 x 2048 , 0.205756 , 8.91685e-05 , 0.129103 , 0.334952
60 , 8 , mapped-by-core-mpi-openmp , 2048 x 2048 , 0.245941 , 8.39233e-05 , 0.242336 , 0.488363
60 , 9 , mapped-by-core-mpi-openmp , 2048 x 2048 , 0.203685 , 8.98838e-05 , 0.204918 , 0.408697
60 , 10 , mapped-by-core-mpi-openmp , 2048 x 2048 , 0.184253 , 9.20296e-05 , 0.182563 , 0.366912
60 , 11 , mapped-by-core-mpi-openmp , 2048 x 2048 , 0.201825 , 9.20296e-05 , 0.172223 , 0.374144
60 , 12 , mapped-by-core-mpi-openmp , 2048 x 2048 , 0.218979 , 8.10623e-05 , 0.161873 , 0.380936
60 , 13 , mapped-by-core-mpi-openmp , 2048 x 2048 , 0.337785 , 8.79765e-05 , 0.170673 , 0.508549
60 , 14 , mapped-by-core-mpi-openmp , 2048 x 2048 , 0.396293 , 8.79765e-05 , 0.182244 , 0.578629
60 , 15 , mapped-by-core-mpi-openmp , 2048 x 2048 , 0.270834 , 6.79493e-05 , 0.202496 , 0.473402
60 , 16 , mapped-by-core-mpi-openmp , 2048 x 2048 , 0.248819 , 9.48906e-05 , 0.197759 , 0.446678
60 , 17 , mapped-by-core-mpi-openmp , 2048 x 2048 , 0.287315 , 8.2016e-05 , 0.202758 , 0.490159
60 , 18 , mapped-by-core-mpi-openmp , 2048 x 2048 , 0.330669 , 8.89301e-05 , 0.207142 , 0.537905
60 , 19 , mapped-by-core-mpi-openmp , 2048 x 2048 , 0.342994 , 8.79765e-05 , 0.218607 , 0.561693
60 , 20 , mapped-by-core-mpi-openmp , 2048 x 2048 , 0.455437 , 8.60691e-05 , 0.300317 , 0.755844
60 , 21 , mapped-by-core-mpi-openmp , 2048 x 2048 , 0.346286 , 8.2016e-05 , 0.220481 , 0.566854
60 , 22 , mapped-by-core-mpi-openmp , 2048 x 2048 , 0.33368 , 9.70364e-05 , 0.209287 , 0.543067
60 , 23 , mapped-by-core-mpi-openmp , 2048 x 2048 , 0.406234 , 8.51154e-05 , 0.253418 , 0.659741
60 , 24 , mapped-by-core-mpi-openmp , 2048 x 2048 , 0.416162 , 8.70228e-05 , 0.245693 , 0.661946
60 , 25 , mapped-by-core-mpi-openmp , 2048 x 2048 , 0.391596 , 8.51154e-05 , 0.236612 , 0.628296
60 , 26 , mapped-by-core-mpi-openmp , 2048 x 2048 , 0.43879 , 9.29832e-05 , 0.365172 , 0.804059
60 , 27 , mapped-by-core-mpi-openmp , 2048 x 2048 , 0.505291 , 8.79765e-05 , 0.2738 , 0.779182
60 , 28 , mapped-by-core-mpi-openmp , 2048 x 2048 , 0.507103 , 8.39233e-05 , 0.26552 , 0.77271
60 , 29 , mapped-by-core-mpi-openmp , 2048 x 2048 , 0.484651 , 9.10759e-05 , 0.254116 , 0.738862
60 , 30 , mapped-by-core-mpi-openmp , 2048 x 2048 , 0.51918 , 8.98838e-05 , 0.277181 , 0.796455
60 , 31 , mapped-by-core-mpi-openmp , 2048 x 2048 , 0.508912 , 9.20296e-05 , 0.270591 , 0.779598
60 , 32 , mapped-by-core-mpi-openmp , 2048 x 2048 , 0.528752 , 8.70228e-05 , 0.28286 , 0.811703
60 , 1 , mapped-by-core-mpi-openmp , 2048 x 2048 , 0.121912 , 9.29832e-05 , 0.169036 , 0.291046
60 , 2 , mapped-by-core-mpi-openmp , 2048 x 2048 , 0.0888309 , 9.39369e-05 , 0.11341 , 0.202339
60 , 3 , mapped-by-core-mpi-openmp , 2048 x 2048 , 0.101457 , 9.5129e-05 , 0.111947 , 0.213503
60 , 4 , mapped-by-core-mpi-openmp , 2048 x 2048 , 0.102238 , 8.60691e-05 , 0.095149 , 0.197478
60 , 5 , mapped-by-core-mpi-openmp , 2048 x 2048 , 0.144005 , 6.60419e-05 , 0.103327 , 0.247403
60 , 6 , mapped-by-core-mpi-openmp , 2048 x 2048 , 0.19003 , 0.000105858 , 0.116336 , 0.306475
60 , 7 , mapped-by-core-mpi-openmp , 2048 x 2048 , 0.186773 , 8.70228e-05 , 0.189993 , 0.376857
60 , 8 , mapped-by-core-mpi-openmp , 2048 x 2048 , 0.19698 , 8.82149e-05 , 0.155404 , 0.352476
60 , 9 , mapped-by-core-mpi-openmp , 2048 x 2048 , 0.22345 , 9.70364e-05 , 0.176915 , 0.400466
60 , 10 , mapped-by-core-mpi-openmp , 2048 x 2048 , 0.225595 , 9.20296e-05 , 0.164321 , 0.390011
60 , 11 , mapped-by-core-mpi-openmp , 2048 x 2048 , 0.208401 , 9.20296e-05 , 0.178436 , 0.386932
60 , 12 , mapped-by-core-mpi-openmp , 2048 x 2048 , 0.249347 , 8.89301e-05 , 0.157988 , 0.407427
60 , 13 , mapped-by-core-mpi-openmp , 2048 x 2048 , 0.251671 , 8.91685e-05 , 0.149145 , 0.400908
60 , 14 , mapped-by-core-mpi-openmp , 2048 x 2048 , 0.261616 , 8.58307e-05 , 0.169328 , 0.431034
60 , 15 , mapped-by-core-mpi-openmp , 2048 x 2048 , 0.323184 , 8.51154e-05 , 0.230752 , 0.554026
60 , 16 , mapped-by-core-mpi-openmp , 2048 x 2048 , 0.311978 , 9.29832e-05 , 0.213804 , 0.525877
60 , 17 , mapped-by-core-mpi-openmp , 2048 x 2048 , 0.293116 , 0.000103951 , 0.207916 , 0.501139
60 , 18 , mapped-by-core-mpi-openmp , 2048 x 2048 , 0.316662 , 8.79765e-05 , 0.215335 , 0.532089
60 , 19 , mapped-by-core-mpi-openmp , 2048 x 2048 , 0.352048 , 8.70228e-05 , 0.206737 , 0.558875
60 , 20 , mapped-by-core-mpi-openmp , 2048 x 2048 , 0.351243 , 8.51154e-05 , 0.211058 , 0.56239
60 , 21 , mapped-by-core-mpi-openmp , 2048 x 2048 , 0.354762 , 8.89301e-05 , 0.263399 , 0.618254
60 , 22 , mapped-by-core-mpi-openmp , 2048 x 2048 , 0.374229 , 6.69956e-05 , 0.210725 , 0.585023
60 , 23 , mapped-by-core-mpi-openmp , 2048 x 2048 , 0.394925 , 8.51154e-05 , 0.274864 , 0.669878
60 , 24 , mapped-by-core-mpi-openmp , 2048 x 2048 , 0.37285 , 8.89301e-05 , 0.247697 , 0.62064
60 , 25 , mapped-by-core-mpi-openmp , 2048 x 2048 , 0.448718 , 8.10623e-05 , 0.267747 , 0.716549
60 , 26 , mapped-by-core-mpi-openmp , 2048 x 2048 , 0.601711 , 8.39233e-05 , 0.309397 , 0.911195
60 , 27 , mapped-by-core-mpi-openmp , 2048 x 2048 , 0.406564 , 9.01222e-05 , 0.261007 , 0.667664
60 , 28 , mapped-by-core-mpi-openmp , 2048 x 2048 , 0.472627 , 8.70228e-05 , 0.236006 , 0.708723
60 , 29 , mapped-by-core-mpi-openmp , 2048 x 2048 , 0.603431 , 8.79765e-05 , 0.294325 , 0.897848
60 , 30 , mapped-by-core-mpi-openmp , 2048 x 2048 , 0.471922 , 8.91685e-05 , 0.305083 , 0.777097
60 , 31 , mapped-by-core-mpi-openmp , 2048 x 2048 , 0.508232 , 9.39369e-05 , 0.261949 , 0.770279
60 , 32 , mapped-by-core-mpi-openmp , 2048 x 2048 , 0.556365 , 8.4877e-05 , 0.326197 , 0.88265
60 , 1 , mapped-by-core-mpi-openmp , 2048 x 2048 , 0.144682 , 8.79765e-05 , 0.109156 , 0.25393
60 , 2 , mapped-by-core-mpi-openmp , 2048 x 2048 , 0.0829999 , 9.5129e-05 , 0.100605 , 0.183704
60 , 3 , mapped-by-core-mpi-openmp , 2048 x 2048 , 0.0905778 , 8.39233e-05 , 0.124162 , 0.214828
60 , 4 , mapped-by-core-mpi-openmp , 2048 x 2048 , 0.274121 , 8.39233e-05 , 0.171482 , 0.445692
60 , 5 , mapped-by-core-mpi-openmp , 2048 x 2048 , 0.157568 , 8.29697e-05 , 0.114409 , 0.272066
60 , 6 , mapped-by-core-mpi-openmp , 2048 x 2048 , 0.12422 , 8.70228e-05 , 0.141964 , 0.266275
60 , 7 , mapped-by-core-mpi-openmp , 2048 x 2048 , 0.201184 , 8.89301e-05 , 0.134572 , 0.335851
60 , 8 , mapped-by-core-mpi-openmp , 2048 x 2048 , 0.2485 , 8.91685e-05 , 0.135155 , 0.383749
60 , 9 , mapped-by-core-mpi-openmp , 2048 x 2048 , 0.168878 , 8.2016e-05 , 0.138765 , 0.307728
60 , 10 , mapped-by-core-mpi-openmp , 2048 x 2048 , 0.188865 , 0.000102043 , 0.187262 , 0.376233
60 , 11 , mapped-by-core-mpi-openmp , 2048 x 2048 , 0.225534 , 7.98702e-05 , 0.191273 , 0.416891
60 , 12 , mapped-by-core-mpi-openmp , 2048 x 2048 , 0.209326 , 6.81877e-05 , 0.187056 , 0.396453
60 , 13 , mapped-by-core-mpi-openmp , 2048 x 2048 , 0.236252 , 6.50883e-05 , 0.153061 , 0.389381
60 , 14 , mapped-by-core-mpi-openmp , 2048 x 2048 , 0.25228 , 9.29832e-05 , 0.197927 , 0.450304
60 , 15 , mapped-by-core-mpi-openmp , 2048 x 2048 , 0.437108 , 8.39233e-05 , 0.198167 , 0.635362
60 , 16 , mapped-by-core-mpi-openmp , 2048 x 2048 , 0.246886 , 8.39233e-05 , 0.197293 , 0.444267
60 , 17 , mapped-by-core-mpi-openmp , 2048 x 2048 , 0.421634 , 9.98974e-05 , 0.279448 , 0.701186
60 , 18 , mapped-by-core-mpi-openmp , 2048 x 2048 , 0.320397 , 9.01222e-05 , 0.204986 , 0.525476
60 , 19 , mapped-by-core-mpi-openmp , 2048 x 2048 , 0.367537 , 8.60691e-05 , 0.186994 , 0.554621
60 , 20 , mapped-by-core-mpi-openmp , 2048 x 2048 , 0.36751 , 9.20296e-05 , 0.197322 , 0.564927
60 , 21 , mapped-by-core-mpi-openmp , 2048 x 2048 , 0.336205 , 8.60691e-05 , 0.226135 , 0.562428
60 , 22 , mapped-by-core-mpi-openmp , 2048 x 2048 , 0.418396 , 9.20296e-05 , 0.205665 , 0.624158
60 , 23 , mapped-by-core-mpi-openmp , 2048 x 2048 , 0.354827 , 8.89301e-05 , 0.238869 , 0.593789
60 , 24 , mapped-by-core-mpi-openmp , 2048 x 2048 , 0.423607 , 9.799e-05 , 0.238587 , 0.662295
60 , 25 , mapped-by-core-mpi-openmp , 2048 x 2048 , 0.41354 , 0.000102043 , 0.227465 , 0.64111
60 , 26 , mapped-by-core-mpi-openmp , 2048 x 2048 , 0.492731 , 9.39369e-05 , 0.275378 , 0.768206
60 , 27 , mapped-by-core-mpi-openmp , 2048 x 2048 , 0.420713 , 8.58307e-05 , 0.28063 , 0.701433
60 , 28 , mapped-by-core-mpi-openmp , 2048 x 2048 , 0.51742 , 8.4877e-05 , 0.283192 , 0.800702
60 , 29 , mapped-by-core-mpi-openmp , 2048 x 2048 , 0.472136 , 8.79765e-05 , 0.269609 , 0.741838
60 , 30 , mapped-by-core-mpi-openmp , 2048 x 2048 , 0.468104 , 9.20296e-05 , 0.283854 , 0.752053
60 , 31 , mapped-by-core-mpi-openmp , 2048 x 2048 , 0.472258 , 6.60419e-05 , 0.266297 , 0.738625
60 , 32 , mapped-by-core-mpi-openmp , 2048 x 2048 , 0.517473 , 8.51154e-05 , 0.302579 , 0.820143
60 , 1 , mapped-by-core-mpi-openmp , 2048 x 2048 , 0.0850739 , 8.70228e-05 , 0.102263 , 0.187427
60 , 2 , mapped-by-core-mpi-openmp , 2048 x 2048 , 0.106037 , 8.10623e-05 , 0.0974278 , 0.203551
60 , 3 , mapped-by-core-mpi-openmp , 2048 x 2048 , 0.109852 , 6.48499e-05 , 0.121311 , 0.231231
60 , 4 , mapped-by-core-mpi-openmp , 2048 x 2048 , 0.11551 , 8.39233e-05 , 0.103122 , 0.21872
60 , 5 , mapped-by-core-mpi-openmp , 2048 x 2048 , 0.138316 , 8.70228e-05 , 0.169945 , 0.308352
60 , 6 , mapped-by-core-mpi-openmp , 2048 x 2048 , 0.126647 , 9.60827e-05 , 0.136809 , 0.263556
60 , 7 , mapped-by-core-mpi-openmp , 2048 x 2048 , 0.139574 , 8.2016e-05 , 0.134986 , 0.274645
60 , 8 , mapped-by-core-mpi-openmp , 2048 x 2048 , 0.189377 , 8.89301e-05 , 0.171766 , 0.361237
60 , 9 , mapped-by-core-mpi-openmp , 2048 x 2048 , 0.267134 , 8.4877e-05 , 0.19871 , 0.465933
60 , 10 , mapped-by-core-mpi-openmp , 2048 x 2048 , 0.234779 , 9.60827e-05 , 0.152407 , 0.387284
60 , 11 , mapped-by-core-mpi-openmp , 2048 x 2048 , 0.245688 , 8.82149e-05 , 0.149903 , 0.395684
60 , 12 , mapped-by-core-mpi-openmp , 2048 x 2048 , 0.238516 , 8.70228e-05 , 0.265411 , 0.504018
60 , 13 , mapped-by-core-mpi-openmp , 2048 x 2048 , 0.244236 , 7.10487e-05 , 0.209293 , 0.453604
60 , 14 , mapped-by-core-mpi-openmp , 2048 x 2048 , 0.291897 , 8.67844e-05 , 0.18408 , 0.476068
60 , 15 , mapped-by-core-mpi-openmp , 2048 x 2048 , 0.315158 , 9.10759e-05 , 0.20362 , 0.518874
60 , 16 , mapped-by-core-mpi-openmp , 2048 x 2048 , 0.327279 , 8.79765e-05 , 0.212648 , 0.540019
60 , 17 , mapped-by-core-mpi-openmp , 2048 x 2048 , 0.313808 , 0.000102043 , 0.213433 , 0.527348
60 , 18 , mapped-by-core-mpi-openmp , 2048 x 2048 , 0.309335 , 8.4877e-05 , 0.185294 , 0.494717
60 , 19 , mapped-by-core-mpi-openmp , 2048 x 2048 , 0.348867 , 8.98838e-05 , 0.216321 , 0.565281
60 , 20 , mapped-by-core-mpi-openmp , 2048 x 2048 , 0.392373 , 9.29832e-05 , 0.208815 , 0.601285
60 , 21 , mapped-by-core-mpi-openmp , 2048 x 2048 , 0.365995 , 9.01222e-05 , 0.210955 , 0.577044
60 , 22 , mapped-by-core-mpi-openmp , 2048 x 2048 , 0.348824 , 9.01222e-05 , 0.217167 , 0.566084
60 , 23 , mapped-by-core-mpi-openmp , 2048 x 2048 , 0.406312 , 8.89301e-05 , 0.218312 , 0.624717
60 , 24 , mapped-by-core-mpi-openmp , 2048 x 2048 , 0.403068 , 8.29697e-05 , 0.29374 , 0.696894
60 , 25 , mapped-by-core-mpi-openmp , 2048 x 2048 , 0.440167 , 8.41618e-05 , 0.284099 , 0.724355
60 , 26 , mapped-by-core-mpi-openmp , 2048 x 2048 , 0.421956 , 0.000103951 , 0.229059 , 0.651123
60 , 27 , mapped-by-core-mpi-openmp , 2048 x 2048 , 0.390125 , 9.48906e-05 , 0.293039 , 0.683263
60 , 28 , mapped-by-core-mpi-openmp , 2048 x 2048 , 0.428104 , 8.32081e-05 , 0.339759 , 0.76795
60 , 29 , mapped-by-core-mpi-openmp , 2048 x 2048 , 0.411759 , 8.79765e-05 , 0.267162 , 0.679012
60 , 30 , mapped-by-core-mpi-openmp , 2048 x 2048 , 0.441228 , 8.70228e-05 , 0.277402 , 0.718721
60 , 31 , mapped-by-core-mpi-openmp , 2048 x 2048 , 0.610658 , 8.51154e-05 , 0.29046 , 0.901206
60 , 32 , mapped-by-core-mpi-openmp , 2048 x 2048 , 0.461136 , 8.10623e-05 , 0.406973 , 0.868196
61 , 1 , mapped-by-core-mpi-openmp , 2048 x 2048 , 0.108711 , 9.20296e-05 , 0.182819 , 0.291625
61 , 2 , mapped-by-core-mpi-openmp , 2048 x 2048 , 0.147692 , 9.60827e-05 , 0.109466 , 0.257257
61 , 3 , mapped-by-core-mpi-openmp , 2048 x 2048 , 0.0918622 , 8.98838e-05 , 0.094954 , 0.186909
61 , 4 , mapped-by-core-mpi-openmp , 2048 x 2048 , 0.200767 , 9.48906e-05 , 0.202661 , 0.403529
61 , 5 , mapped-by-core-mpi-openmp , 2048 x 2048 , 0.18443 , 7.98702e-05 , 0.132773 , 0.317287
61 , 6 , mapped-by-core-mpi-openmp , 2048 x 2048 , 0.126174 , 6.69956e-05 , 0.17176 , 0.298005
61 , 7 , mapped-by-core-mpi-openmp , 2048 x 2048 , 0.159767 , 8.29697e-05 , 0.122398 , 0.282252
61 , 8 , mapped-by-core-mpi-openmp , 2048 x 2048 , 0.31967 , 8.67844e-05 , 0.144887 , 0.464648
61 , 9 , mapped-by-core-mpi-openmp , 2048 x 2048 , 0.214552 , 8.2016e-05 , 0.152583 , 0.36722
61 , 10 , mapped-by-core-mpi-openmp , 2048 x 2048 , 0.255617 , 8.4877e-05 , 0.170411 , 0.426117
61 , 11 , mapped-by-core-mpi-openmp , 2048 x 2048 , 0.313356 , 8.29697e-05 , 0.138702 , 0.452145
61 , 12 , mapped-by-core-mpi-openmp , 2048 x 2048 , 0.235179 , 8.32081e-05 , 0.207355 , 0.442623
61 , 13 , mapped-by-core-mpi-openmp , 2048 x 2048 , 0.263832 , 6.91414e-05 , 0.182588 , 0.446491
61 , 14 , mapped-by-core-mpi-openmp , 2048 x 2048 , 0.327703 , 7.79629e-05 , 0.161017 , 0.488802
61 , 15 , mapped-by-core-mpi-openmp , 2048 x 2048 , 0.382662 , 8.70228e-05 , 0.263409 , 0.646161
61 , 16 , mapped-by-core-mpi-openmp , 2048 x 2048 , 0.29631 , 8.89301e-05 , 0.216568 , 0.512971
61 , 17 , mapped-by-core-mpi-openmp , 2048 x 2048 , 0.32479 , 8.70228e-05 , 0.242338 , 0.567219
61 , 18 , mapped-by-core-mpi-openmp , 2048 x 2048 , 0.41158 , 9.10759e-05 , 0.285838 , 0.697513
61 , 19 , mapped-by-core-mpi-openmp , 2048 x 2048 , 0.33123 , 9.10759e-05 , 0.194874 , 0.5262
61 , 20 , mapped-by-core-mpi-openmp , 2048 x 2048 , 0.356932 , 9.29832e-05 , 0.228621 , 0.585651
61 , 21 , mapped-by-core-mpi-openmp , 2048 x 2048 , 0.348194 , 9.29832e-05 , 0.211576 , 0.559867
61 , 22 , mapped-by-core-mpi-openmp , 2048 x 2048 , 0.406526 , 8.2016e-05 , 0.220887 , 0.627498
61 , 23 , mapped-by-core-mpi-openmp , 2048 x 2048 , 0.402257 , 9.39369e-05 , 0.246355 , 0.648711
61 , 24 , mapped-by-core-mpi-openmp , 2048 x 2048 , 0.514528 , 8.4877e-05 , 0.223527 , 0.738144
61 , 25 , mapped-by-core-mpi-openmp , 2048 x 2048 , 0.40526 , 0.000101089 , 0.327805 , 0.73317
61 , 26 , mapped-by-core-mpi-openmp , 2048 x 2048 , 0.517029 , 8.70228e-05 , 0.257201 , 0.774321
61 , 27 , mapped-by-core-mpi-openmp , 2048 x 2048 , 0.423718 , 8.32081e-05 , 0.257451 , 0.681255
61 , 28 , mapped-by-core-mpi-openmp , 2048 x 2048 , 0.53027 , 9.10759e-05 , 0.370296 , 0.900661
61 , 29 , mapped-by-core-mpi-openmp , 2048 x 2048 , 0.531692 , 7.98702e-05 , 0.259974 , 0.791749
61 , 30 , mapped-by-core-mpi-openmp , 2048 x 2048 , 0.529371 , 9.20296e-05 , 0.329933 , 0.8594
61 , 31 , mapped-by-core-mpi-openmp , 2048 x 2048 , 0.477456 , 9.08375e-05 , 0.268611 , 0.746161
61 , 32 , mapped-by-core-mpi-openmp , 2048 x 2048 , 0.596334 , 8.39233e-05 , 0.318223 , 0.914644
61 , 1 , mapped-by-core-mpi-openmp , 2048 x 2048 , 0.08869 , 8.2016e-05 , 0.093364 , 0.18214
61 , 2 , mapped-by-core-mpi-openmp , 2048 x 2048 , 0.095319 , 8.91685e-05 , 0.101672 , 0.197084
61 , 3 , mapped-by-core-mpi-openmp , 2048 x 2048 , 0.0978811 , 8.70228e-05 , 0.108307 , 0.206278
61 , 4 , mapped-by-core-mpi-openmp , 2048 x 2048 , 0.153088 , 9.01222e-05 , 0.141842 , 0.295023
61 , 5 , mapped-by-core-mpi-openmp , 2048 x 2048 , 0.146009 , 6.98566e-05 , 0.135352 , 0.281434
61 , 6 , mapped-by-core-mpi-openmp , 2048 x 2048 , 0.138367 , 8.58307e-05 , 0.181486 , 0.319942
61 , 7 , mapped-by-core-mpi-openmp , 2048 x 2048 , 0.193146 , 8.39233e-05 , 0.143517 , 0.33675
61 , 8 , mapped-by-core-mpi-openmp , 2048 x 2048 , 0.181604 , 7.79629e-05 , 0.144964 , 0.326649
61 , 9 , mapped-by-core-mpi-openmp , 2048 x 2048 , 0.266988 , 8.79765e-05 , 0.142921 , 0.410002
61 , 10 , mapped-by-core-mpi-openmp , 2048 x 2048 , 0.280913 , 8.91685e-05 , 0.171189 , 0.452195
61 , 11 , mapped-by-core-mpi-openmp , 2048 x 2048 , 0.226399 , 8.51154e-05 , 0.185831 , 0.41232
61 , 12 , mapped-by-core-mpi-openmp , 2048 x 2048 , 0.457281 , 8.29697e-05 , 0.298697 , 0.756066
61 , 13 , mapped-by-core-mpi-openmp , 2048 x 2048 , 0.243651 , 8.91685e-05 , 0.215465 , 0.459207
61 , 14 , mapped-by-core-mpi-openmp , 2048 x 2048 , 0.285867 , 8.32081e-05 , 0.191924 , 0.477878
61 , 15 , mapped-by-core-mpi-openmp , 2048 x 2048 , 0.433408 , 8.39233e-05 , 0.223926 , 0.657422
61 , 16 , mapped-by-core-mpi-openmp , 2048 x 2048 , 0.345577 , 8.70228e-05 , 0.189188 , 0.534856
61 , 17 , mapped-by-core-mpi-openmp , 2048 x 2048 , 0.301285 , 0.00115204 , 0.247687 , 0.550128
61 , 18 , mapped-by-core-mpi-openmp , 2048 x 2048 , 0.411771 , 9.32217e-05 , 0.26032 , 0.672187
61 , 19 , mapped-by-core-mpi-openmp , 2048 x 2048 , 0.347641 , 8.79765e-05 , 0.310782 , 0.658514
61 , 20 , mapped-by-core-mpi-openmp , 2048 x 2048 , 0.566665 , 8.39233e-05 , 0.352817 , 0.919569
61 , 21 , mapped-by-core-mpi-openmp , 2048 x 2048 , 0.353556 , 8.67844e-05 , 0.293158 , 0.646808
61 , 22 , mapped-by-core-mpi-openmp , 2048 x 2048 , 0.368169 , 8.79765e-05 , 0.310734 , 0.678994
61 , 23 , mapped-by-core-mpi-openmp , 2048 x 2048 , 0.52243 , 8.41618e-05 , 0.211784 , 0.734302
61 , 24 , mapped-by-core-mpi-openmp , 2048 x 2048 , 0.481498 , 8.79765e-05 , 0.235573 , 0.717164
61 , 25 , mapped-by-core-mpi-openmp , 2048 x 2048 , 0.407111 , 9.01222e-05 , 0.303095 , 0.7103
61 , 26 , mapped-by-core-mpi-openmp , 2048 x 2048 , 0.427939 , 8.79765e-05 , 0.264666 , 0.692699
61 , 27 , mapped-by-core-mpi-openmp , 2048 x 2048 , 0.457278 , 8.4877e-05 , 0.27938 , 0.736746
61 , 28 , mapped-by-core-mpi-openmp , 2048 x 2048 , 0.582619 , 8.79765e-05 , 0.278524 , 0.861234
61 , 29 , mapped-by-core-mpi-openmp , 2048 x 2048 , 0.499474 , 8.89301e-05 , 0.358327 , 0.857894
61 , 30 , mapped-by-core-mpi-openmp , 2048 x 2048 , 0.496217 , 8.51154e-05 , 0.2709 , 0.767206
61 , 31 , mapped-by-core-mpi-openmp , 2048 x 2048 , 0.504687 , 8.60691e-05 , 0.303358 , 0.808135
61 , 32 , mapped-by-core-mpi-openmp , 2048 x 2048 , 0.626283 , 8.29697e-05 , 0.287383 , 0.913753
61 , 1 , mapped-by-core-mpi-openmp , 2048 x 2048 , 0.151833 , 8.29697e-05 , 0.155743 , 0.307662
61 , 2 , mapped-by-core-mpi-openmp , 2048 x 2048 , 0.126515 , 8.79765e-05 , 0.139768 , 0.266376
61 , 3 , mapped-by-core-mpi-openmp , 2048 x 2048 , 0.103412 , 8.89301e-05 , 0.183033 , 0.286538
61 , 4 , mapped-by-core-mpi-openmp , 2048 x 2048 , 0.116252 , 8.2016e-05 , 0.119428 , 0.235765
61 , 5 , mapped-by-core-mpi-openmp , 2048 x 2048 , 0.121881 , 9.10759e-05 , 0.119065 , 0.24104
61 , 6 , mapped-by-core-mpi-openmp , 2048 x 2048 , 0.154475 , 8.4877e-05 , 0.127973 , 0.282537
61 , 7 , mapped-by-core-mpi-openmp , 2048 x 2048 , 0.161479 , 9.48906e-05 , 0.128973 , 0.29055
61 , 8 , mapped-by-core-mpi-openmp , 2048 x 2048 , 0.19518 , 8.82149e-05 , 0.150056 , 0.345328
61 , 9 , mapped-by-core-mpi-openmp , 2048 x 2048 , 0.274582 , 9.01222e-05 , 0.169496 , 0.444172
61 , 10 , mapped-by-core-mpi-openmp , 2048 x 2048 , 0.182399 , 8.98838e-05 , 0.166453 , 0.348945
61 , 11 , mapped-by-core-mpi-openmp , 2048 x 2048 , 0.241571 , 6.69956e-05 , 0.195491 , 0.437133
61 , 12 , mapped-by-core-mpi-openmp , 2048 x 2048 , 0.313504 , 8.32081e-05 , 0.173668 , 0.487259
61 , 13 , mapped-by-core-mpi-openmp , 2048 x 2048 , 0.290888 , 8.2016e-05 , 0.34279 , 0.633765
61 , 14 , mapped-by-core-mpi-openmp , 2048 x 2048 , 0.243214 , 8.60691e-05 , 0.199055 , 0.442358
61 , 15 , mapped-by-core-mpi-openmp , 2048 x 2048 , 0.272683 , 8.29697e-05 , 0.190954 , 0.463724
61 , 16 , mapped-by-core-mpi-openmp , 2048 x 2048 , 0.277643 , 9.29832e-05 , 0.200308 , 0.478048
61 , 17 , mapped-by-core-mpi-openmp , 2048 x 2048 , 0.284793 , 8.29697e-05 , 0.249216 , 0.534096
61 , 18 , mapped-by-core-mpi-openmp , 2048 x 2048 , 0.37474 , 8.10623e-05 , 0.230774 , 0.605601
61 , 19 , mapped-by-core-mpi-openmp , 2048 x 2048 , 0.370948 , 8.2016e-05 , 0.228554 , 0.599589
61 , 20 , mapped-by-core-mpi-openmp , 2048 x 2048 , 0.427938 , 8.60691e-05 , 0.29624 , 0.724269
61 , 21 , mapped-by-core-mpi-openmp , 2048 x 2048 , 0.374767 , 8.91685e-05 , 0.236418 , 0.611277
61 , 22 , mapped-by-core-mpi-openmp , 2048 x 2048 , 0.449246 , 9.10759e-05 , 0.251625 , 0.700966
61 , 23 , mapped-by-core-mpi-openmp , 2048 x 2048 , 0.413412 , 8.70228e-05 , 0.233222 , 0.646725
61 , 24 , mapped-by-core-mpi-openmp , 2048 x 2048 , 0.40093 , 8.4877e-05 , 0.228393 , 0.629413
61 , 25 , mapped-by-core-mpi-openmp , 2048 x 2048 , 0.368641 , 8.4877e-05 , 0.249782 , 0.618512
61 , 26 , mapped-by-core-mpi-openmp , 2048 x 2048 , 0.484895 , 8.98838e-05 , 0.358934 , 0.843923
61 , 27 , mapped-by-core-mpi-openmp , 2048 x 2048 , 0.564707 , 8.70228e-05 , 0.412223 , 0.977021
61 , 28 , mapped-by-core-mpi-openmp , 2048 x 2048 , 0.499802 , 8.70228e-05 , 0.244994 , 0.744887
61 , 29 , mapped-by-core-mpi-openmp , 2048 x 2048 , 0.489657 , 8.98838e-05 , 0.267071 , 0.756822
61 , 30 , mapped-by-core-mpi-openmp , 2048 x 2048 , 0.444793 , 8.89301e-05 , 0.307692 , 0.752576
61 , 31 , mapped-by-core-mpi-openmp , 2048 x 2048 , 0.421783 , 8.98838e-05 , 0.288244 , 0.710121
61 , 32 , mapped-by-core-mpi-openmp , 2048 x 2048 , 0.669257 , 8.58307e-05 , 0.303475 , 0.972822
61 , 1 , mapped-by-core-mpi-openmp , 2048 x 2048 , 0.109455 , 8.91685e-05 , 0.097321 , 0.206869
61 , 2 , mapped-by-core-mpi-openmp , 2048 x 2048 , 0.122741 , 9.20296e-05 , 0.0974798 , 0.220316
61 , 3 , mapped-by-core-mpi-openmp , 2048 x 2048 , 0.246991 , 8.89301e-05 , 0.129767 , 0.376851
61 , 4 , mapped-by-core-mpi-openmp , 2048 x 2048 , 0.146305 , 8.39233e-05 , 0.114108 , 0.2605
61 , 5 , mapped-by-core-mpi-openmp , 2048 x 2048 , 0.153661 , 8.4877e-05 , 0.115955 , 0.269704
61 , 6 , mapped-by-core-mpi-openmp , 2048 x 2048 , 0.167033 , 8.79765e-05 , 0.177683 , 0.344809
61 , 7 , mapped-by-core-mpi-openmp , 2048 x 2048 , 0.205617 , 8.10623e-05 , 0.196801 , 0.402503
61 , 8 , mapped-by-core-mpi-openmp , 2048 x 2048 , 0.259312 , 8.39233e-05 , 0.188856 , 0.448256
61 , 9 , mapped-by-core-mpi-openmp , 2048 x 2048 , 0.192896 , 9.10759e-05 , 0.180148 , 0.373138
61 , 10 , mapped-by-core-mpi-openmp , 2048 x 2048 , 0.214682 , 8.39233e-05 , 0.209301 , 0.42407
61 , 11 , mapped-by-core-mpi-openmp , 2048 x 2048 , 0.246126 , 8.51154e-05 , 0.157546 , 0.40376
61 , 12 , mapped-by-core-mpi-openmp , 2048 x 2048 , 0.267538 , 8.79765e-05 , 0.187598 , 0.455228
61 , 13 , mapped-by-core-mpi-openmp , 2048 x 2048 , 0.236545 , 8.51154e-05 , 0.175978 , 0.41261
61 , 14 , mapped-by-core-mpi-openmp , 2048 x 2048 , 0.298993 , 8.79765e-05 , 0.153478 , 0.452565
61 , 15 , mapped-by-core-mpi-openmp , 2048 x 2048 , 0.305379 , 8.60691e-05 , 0.188184 , 0.493654
61 , 16 , mapped-by-core-mpi-openmp , 2048 x 2048 , 0.327166 , 8.17776e-05 , 0.193673 , 0.520925
61 , 17 , mapped-by-core-mpi-openmp , 2048 x 2048 , 0.318398 , 9.29832e-05 , 0.205495 , 0.52399
61 , 18 , mapped-by-core-mpi-openmp , 2048 x 2048 , 0.411001 , 9.799e-05 , 0.215897 , 0.627001
61 , 19 , mapped-by-core-mpi-openmp , 2048 x 2048 , 0.343173 , 8.4877e-05 , 0.250135 , 0.593398
61 , 20 , mapped-by-core-mpi-openmp , 2048 x 2048 , 0.351438 , 8.70228e-05 , 0.258733 , 0.610262
61 , 21 , mapped-by-core-mpi-openmp , 2048 x 2048 , 0.384964 , 8.79765e-05 , 0.247813 , 0.632869
61 , 22 , mapped-by-core-mpi-openmp , 2048 x 2048 , 0.440161 , 8.89301e-05 , 0.224461 , 0.664715
61 , 23 , mapped-by-core-mpi-openmp , 2048 x 2048 , 0.395245 , 8.70228e-05 , 0.261214 , 0.65655
61 , 24 , mapped-by-core-mpi-openmp , 2048 x 2048 , 0.367869 , 9.10759e-05 , 0.225887 , 0.593851
61 , 25 , mapped-by-core-mpi-openmp , 2048 x 2048 , 0.425147 , 8.2016e-05 , 0.217942 , 0.643175
61 , 26 , mapped-by-core-mpi-openmp , 2048 x 2048 , 0.402826 , 6.8903e-05 , 0.291593 , 0.694491
61 , 27 , mapped-by-core-mpi-openmp , 2048 x 2048 , 0.555 , 8.39233e-05 , 0.237915 , 0.793003
61 , 28 , mapped-by-core-mpi-openmp , 2048 x 2048 , 0.468692 , 9.58443e-05 , 0.273694 , 0.742486
61 , 29 , mapped-by-core-mpi-openmp , 2048 x 2048 , 0.505484 , 9.17912e-05 , 0.280573 , 0.786153
61 , 30 , mapped-by-core-mpi-openmp , 2048 x 2048 , 0.644714 , 9.10759e-05 , 0.286687 , 0.931496
61 , 31 , mapped-by-core-mpi-openmp , 2048 x 2048 , 0.479085 , 0.000102043 , 0.268734 , 0.747926
61 , 32 , mapped-by-core-mpi-openmp , 2048 x 2048 , 0.516271 , 8.82149e-05 , 0.269824 , 0.786187
61 , 1 , mapped-by-core-mpi-openmp , 2048 x 2048 , 0.144074 , 8.29697e-05 , 0.11559 , 0.259752
61 , 2 , mapped-by-core-mpi-openmp , 2048 x 2048 , 0.123671 , 9.10759e-05 , 0.146926 , 0.270693
61 , 3 , mapped-by-core-mpi-openmp , 2048 x 2048 , 0.132834 , 9.48906e-05 , 0.125932 , 0.258867
61 , 4 , mapped-by-core-mpi-openmp , 2048 x 2048 , 0.164376 , 9.58443e-05 , 0.118293 , 0.28277
61 , 5 , mapped-by-core-mpi-openmp , 2048 x 2048 , 0.128167 , 6.79493e-05 , 0.148185 , 0.276425
61 , 6 , mapped-by-core-mpi-openmp , 2048 x 2048 , 0.175384 , 8.98838e-05 , 0.116856 , 0.292335
61 , 7 , mapped-by-core-mpi-openmp , 2048 x 2048 , 0.16839 , 8.51154e-05 , 0.15676 , 0.325241
61 , 8 , mapped-by-core-mpi-openmp , 2048 x 2048 , 0.130676 , 7.79629e-05 , 0.146803 , 0.277562
61 , 9 , mapped-by-core-mpi-openmp , 2048 x 2048 , 0.315045 , 9.70364e-05 , 0.225254 , 0.5404
61 , 10 , mapped-by-core-mpi-openmp , 2048 x 2048 , 0.253132 , 8.58307e-05 , 0.162321 , 0.415542
61 , 11 , mapped-by-core-mpi-openmp , 2048 x 2048 , 0.175891 , 8.2016e-05 , 0.17067 , 0.346647
61 , 12 , mapped-by-core-mpi-openmp , 2048 x 2048 , 0.288892 , 9.20296e-05 , 0.172764 , 0.461753
61 , 13 , mapped-by-core-mpi-openmp , 2048 x 2048 , 0.315526 , 8.39233e-05 , 0.183045 , 0.49866
61 , 14 , mapped-by-core-mpi-openmp , 2048 x 2048 , 0.33329 , 8.4877e-05 , 0.177051 , 0.51043
61 , 15 , mapped-by-core-mpi-openmp , 2048 x 2048 , 0.309975 , 9.10759e-05 , 0.174829 , 0.484898
61 , 16 , mapped-by-core-mpi-openmp , 2048 x 2048 , 0.344825 , 8.39233e-05 , 0.170178 , 0.515091
61 , 17 , mapped-by-core-mpi-openmp , 2048 x 2048 , 0.368763 , 8.58307e-05 , 0.26407 , 0.632923
61 , 18 , mapped-by-core-mpi-openmp , 2048 x 2048 , 0.309475 , 8.60691e-05 , 0.230072 , 0.539638
61 , 19 , mapped-by-core-mpi-openmp , 2048 x 2048 , 0.323506 , 9.20296e-05 , 0.254619 , 0.578221
61 , 20 , mapped-by-core-mpi-openmp , 2048 x 2048 , 0.325699 , 8.60691e-05 , 0.358998 , 0.684786
61 , 21 , mapped-by-core-mpi-openmp , 2048 x 2048 , 0.37056 , 8.89301e-05 , 0.270567 , 0.641221
61 , 22 , mapped-by-core-mpi-openmp , 2048 x 2048 , 0.447899 , 9.29832e-05 , 0.226949 , 0.674945
61 , 23 , mapped-by-core-mpi-openmp , 2048 x 2048 , 0.387684 , 8.70228e-05 , 0.289766 , 0.677544
61 , 24 , mapped-by-core-mpi-openmp , 2048 x 2048 , 0.39748 , 9.29832e-05 , 0.235381 , 0.632957
61 , 25 , mapped-by-core-mpi-openmp , 2048 x 2048 , 0.427994 , 8.89301e-05 , 0.214877 , 0.642965
61 , 26 , mapped-by-core-mpi-openmp , 2048 x 2048 , 0.397692 , 6.8903e-05 , 0.24222 , 0.639984
61 , 27 , mapped-by-core-mpi-openmp , 2048 x 2048 , 0.5109 , 9.41753e-05 , 0.30981 , 0.820807
61 , 28 , mapped-by-core-mpi-openmp , 2048 x 2048 , 0.466706 , 8.60691e-05 , 0.273327 , 0.740123
61 , 29 , mapped-by-core-mpi-openmp , 2048 x 2048 , 0.485254 , 8.4877e-05 , 0.344295 , 0.829638
61 , 30 , mapped-by-core-mpi-openmp , 2048 x 2048 , 0.459653 , 8.70228e-05 , 0.327248 , 0.786991
61 , 31 , mapped-by-core-mpi-openmp , 2048 x 2048 , 0.536128 , 9.48906e-05 , 0.293929 , 0.830156
61 , 32 , mapped-by-core-mpi-openmp , 2048 x 2048 , 0.487228 , 8.79765e-05 , 0.320904 , 0.808223
62 , 1 , mapped-by-core-mpi-openmp , 2048 x 2048 , 0.23476 , 8.70228e-05 , 0.19463 , 0.42948
62 , 2 , mapped-by-core-mpi-openmp , 2048 x 2048 , 0.105029 , 9.01222e-05 , 0.106213 , 0.211337
62 , 3 , mapped-by-core-mpi-openmp , 2048 x 2048 , 0.14904 , 8.39233e-05 , 0.116528 , 0.265656
62 , 4 , mapped-by-core-mpi-openmp , 2048 x 2048 , 0.11563 , 8.2016e-05 , 0.119213 , 0.234928
62 , 5 , mapped-by-core-mpi-openmp , 2048 x 2048 , 0.125153 , 8.70228e-05 , 0.138493 , 0.263737
62 , 6 , mapped-by-core-mpi-openmp , 2048 x 2048 , 0.145093 , 8.58307e-05 , 0.149039 , 0.294222
62 , 7 , mapped-by-core-mpi-openmp , 2048 x 2048 , 0.175963 , 8.58307e-05 , 0.117233 , 0.293286
62 , 8 , mapped-by-core-mpi-openmp , 2048 x 2048 , 0.194154 , 9.70364e-05 , 0.134659 , 0.328914
62 , 9 , mapped-by-core-mpi-openmp , 2048 x 2048 , 0.257262 , 6.38962e-05 , 0.156974 , 0.414305
62 , 10 , mapped-by-core-mpi-openmp , 2048 x 2048 , 0.18412 , 8.79765e-05 , 0.156405 , 0.340617
62 , 11 , mapped-by-core-mpi-openmp , 2048 x 2048 , 0.234349 , 8.98838e-05 , 0.169152 , 0.403596
62 , 12 , mapped-by-core-mpi-openmp , 2048 x 2048 , 0.237921 , 8.58307e-05 , 0.161953 , 0.399964
62 , 13 , mapped-by-core-mpi-openmp , 2048 x 2048 , 0.227076 , 8.60691e-05 , 0.172285 , 0.39945
62 , 14 , mapped-by-core-mpi-openmp , 2048 x 2048 , 0.291245 , 9.10759e-05 , 0.170884 , 0.462224
62 , 15 , mapped-by-core-mpi-openmp , 2048 x 2048 , 0.325861 , 8.2016e-05 , 0.169727 , 0.495676
62 , 16 , mapped-by-core-mpi-openmp , 2048 x 2048 , 0.244573 , 8.58307e-05 , 0.19225 , 0.436913
62 , 17 , mapped-by-core-mpi-openmp , 2048 x 2048 , 0.29458 , 9.39369e-05 , 0.217149 , 0.511827
62 , 18 , mapped-by-core-mpi-openmp , 2048 x 2048 , 0.373824 , 8.10623e-05 , 0.227945 , 0.601853
62 , 19 , mapped-by-core-mpi-openmp , 2048 x 2048 , 0.487522 , 9.39369e-05 , 0.20253 , 0.690151
62 , 20 , mapped-by-core-mpi-openmp , 2048 x 2048 , 0.343908 , 9.10759e-05 , 0.237993 , 0.581996
62 , 21 , mapped-by-core-mpi-openmp , 2048 x 2048 , 0.497215 , 9.799e-05 , 0.254186 , 0.751504
62 , 22 , mapped-by-core-mpi-openmp , 2048 x 2048 , 0.372931 , 8.4877e-05 , 0.266141 , 0.63916
62 , 23 , mapped-by-core-mpi-openmp , 2048 x 2048 , 0.394619 , 9.29832e-05 , 0.223206 , 0.617921
62 , 24 , mapped-by-core-mpi-openmp , 2048 x 2048 , 0.46942 , 8.29697e-05 , 0.260402 , 0.72991
62 , 25 , mapped-by-core-mpi-openmp , 2048 x 2048 , 0.439449 , 9.20296e-05 , 0.243345 , 0.682889
62 , 26 , mapped-by-core-mpi-openmp , 2048 x 2048 , 0.458601 , 9.89437e-05 , 0.275792 , 0.734495
62 , 27 , mapped-by-core-mpi-openmp , 2048 x 2048 , 0.411938 , 8.60691e-05 , 0.267765 , 0.679794
62 , 28 , mapped-by-core-mpi-openmp , 2048 x 2048 , 0.638621 , 9.70364e-05 , 0.273613 , 0.912334
62 , 29 , mapped-by-core-mpi-openmp , 2048 x 2048 , 0.466066 , 8.39233e-05 , 0.273957 , 0.740113
62 , 30 , mapped-by-core-mpi-openmp , 2048 x 2048 , 0.517345 , 8.89301e-05 , 0.360398 , 0.877836
62 , 31 , mapped-by-core-mpi-openmp , 2048 x 2048 , 0.71475 , 9.70364e-05 , 0.325062 , 1.03991
62 , 32 , mapped-by-core-mpi-openmp , 2048 x 2048 , 0.633809 , 8.70228e-05 , 0.394462 , 1.02836
62 , 1 , mapped-by-core-mpi-openmp , 2048 x 2048 , 0.175516 , 8.82149e-05 , 0.0992949 , 0.274903
62 , 2 , mapped-by-core-mpi-openmp , 2048 x 2048 , 0.109642 , 8.89301e-05 , 0.132734 , 0.242469
62 , 3 , mapped-by-core-mpi-openmp , 2048 x 2048 , 0.161357 , 8.79765e-05 , 0.235459 , 0.396908
62 , 4 , mapped-by-core-mpi-openmp , 2048 x 2048 , 0.116151 , 8.89301e-05 , 0.14025 , 0.256493
62 , 5 , mapped-by-core-mpi-openmp , 2048 x 2048 , 0.131537 , 8.70228e-05 , 0.158804 , 0.290432
62 , 6 , mapped-by-core-mpi-openmp , 2048 x 2048 , 0.169744 , 8.10623e-05 , 0.131639 , 0.301469
62 , 7 , mapped-by-core-mpi-openmp , 2048 x 2048 , 0.197758 , 8.98838e-05 , 0.134523 , 0.332375
62 , 8 , mapped-by-core-mpi-openmp , 2048 x 2048 , 0.208637 , 8.51154e-05 , 0.160488 , 0.369216
62 , 9 , mapped-by-core-mpi-openmp , 2048 x 2048 , 0.199838 , 7.79629e-05 , 0.160169 , 0.360089
62 , 10 , mapped-by-core-mpi-openmp , 2048 x 2048 , 0.331861 , 8.2016e-05 , 0.203264 , 0.535212
62 , 11 , mapped-by-core-mpi-openmp , 2048 x 2048 , 0.290878 , 8.70228e-05 , 0.187223 , 0.478193
62 , 12 , mapped-by-core-mpi-openmp , 2048 x 2048 , 0.25845 , 9.10759e-05 , 0.168644 , 0.427189
62 , 13 , mapped-by-core-mpi-openmp , 2048 x 2048 , 0.251661 , 8.2016e-05 , 0.157915 , 0.409661
62 , 14 , mapped-by-core-mpi-openmp , 2048 x 2048 , 0.253142 , 8.60691e-05 , 0.214019 , 0.467251
62 , 15 , mapped-by-core-mpi-openmp , 2048 x 2048 , 0.291881 , 8.39233e-05 , 0.215499 , 0.507469
62 , 16 , mapped-by-core-mpi-openmp , 2048 x 2048 , 0.287855 , 8.2016e-05 , 0.218944 , 0.506884
62 , 17 , mapped-by-core-mpi-openmp , 2048 x 2048 , 0.488787 , 8.17776e-05 , 0.223467 , 0.712341
62 , 18 , mapped-by-core-mpi-openmp , 2048 x 2048 , 0.381363 , 8.10623e-05 , 0.219174 , 0.600621
62 , 19 , mapped-by-core-mpi-openmp , 2048 x 2048 , 0.412698 , 8.2016e-05 , 0.213507 , 0.626289
62 , 20 , mapped-by-core-mpi-openmp , 2048 x 2048 , 0.379937 , 7.20024e-05 , 0.240363 , 0.620375
62 , 21 , mapped-by-core-mpi-openmp , 2048 x 2048 , 0.395218 , 8.39233e-05 , 0.222104 , 0.61741
62 , 22 , mapped-by-core-mpi-openmp , 2048 x 2048 , 0.388934 , 8.2016e-05 , 0.245039 , 0.634059
62 , 23 , mapped-by-core-mpi-openmp , 2048 x 2048 , 0.36825 , 9.10759e-05 , 0.263295 , 0.631639
62 , 24 , mapped-by-core-mpi-openmp , 2048 x 2048 , 0.517012 , 8.29697e-05 , 0.260771 , 0.77787
62 , 25 , mapped-by-core-mpi-openmp , 2048 x 2048 , 0.427068 , 8.2016e-05 , 0.350524 , 0.777678
62 , 26 , mapped-by-core-mpi-openmp , 2048 x 2048 , 0.455265 , 6.48499e-05 , 0.229355 , 0.684688
62 , 27 , mapped-by-core-mpi-openmp , 2048 x 2048 , 0.470582 , 8.89301e-05 , 0.242584 , 0.713259
62 , 28 , mapped-by-core-mpi-openmp , 2048 x 2048 , 0.429322 , 8.79765e-05 , 0.260028 , 0.689443
62 , 29 , mapped-by-core-mpi-openmp , 2048 x 2048 , 0.476099 , 8.2016e-05 , 0.412859 , 0.889044
62 , 30 , mapped-by-core-mpi-openmp , 2048 x 2048 , 0.522133 , 8.82149e-05 , 0.269587 , 0.791811
62 , 31 , mapped-by-core-mpi-openmp , 2048 x 2048 , 0.469639 , 8.79765e-05 , 0.345184 , 0.814915
62 , 32 , mapped-by-core-mpi-openmp , 2048 x 2048 , 0.522876 , 8.08239e-05 , 0.288036 , 0.810997
62 , 1 , mapped-by-core-mpi-openmp , 2048 x 2048 , 0.117869 , 9.60827e-05 , 0.108356 , 0.226325
62 , 2 , mapped-by-core-mpi-openmp , 2048 x 2048 , 0.152278 , 8.70228e-05 , 0.132527 , 0.284896
62 , 3 , mapped-by-core-mpi-openmp , 2048 x 2048 , 0.321748 , 8.39233e-05 , 0.116611 , 0.438446
62 , 4 , mapped-by-core-mpi-openmp , 2048 x 2048 , 0.183772 , 9.08375e-05 , 0.109419 , 0.293285
62 , 5 , mapped-by-core-mpi-openmp , 2048 x 2048 , 0.139225 , 6.19888e-05 , 0.130499 , 0.26979
62 , 6 , mapped-by-core-mpi-openmp , 2048 x 2048 , 0.174261 , 8.60691e-05 , 0.14994 , 0.324291
62 , 7 , mapped-by-core-mpi-openmp , 2048 x 2048 , 0.170528 , 8.67844e-05 , 0.163279 , 0.333897
62 , 8 , mapped-by-core-mpi-openmp , 2048 x 2048 , 0.173304 , 8.91685e-05 , 0.167739 , 0.341135
62 , 9 , mapped-by-core-mpi-openmp , 2048 x 2048 , 0.237057 , 8.4877e-05 , 0.182189 , 0.419335
62 , 10 , mapped-by-core-mpi-openmp , 2048 x 2048 , 0.245966 , 8.79765e-05 , 0.172605 , 0.418662
62 , 11 , mapped-by-core-mpi-openmp , 2048 x 2048 , 0.268672 , 9.01222e-05 , 0.208109 , 0.476876
62 , 12 , mapped-by-core-mpi-openmp , 2048 x 2048 , 0.241468 , 8.51154e-05 , 0.168993 , 0.410549
62 , 13 , mapped-by-core-mpi-openmp , 2048 x 2048 , 0.300724 , 8.89301e-05 , 0.199786 , 0.500603
62 , 14 , mapped-by-core-mpi-openmp , 2048 x 2048 , 0.27311 , 8.4877e-05 , 0.173651 , 0.44685
62 , 15 , mapped-by-core-mpi-openmp , 2048 x 2048 , 0.347215 , 8.91685e-05 , 0.181771 , 0.529079
62 , 16 , mapped-by-core-mpi-openmp , 2048 x 2048 , 0.296129 , 6.98566e-05 , 0.188846 , 0.485049
62 , 17 , mapped-by-core-mpi-openmp , 2048 x 2048 , 0.30329 , 8.60691e-05 , 0.204332 , 0.507712
62 , 18 , mapped-by-core-mpi-openmp , 2048 x 2048 , 0.346475 , 8.98838e-05 , 0.236231 , 0.582802
62 , 19 , mapped-by-core-mpi-openmp , 2048 x 2048 , 0.448533 , 8.51154e-05 , 0.293547 , 0.742168
62 , 20 , mapped-by-core-mpi-openmp , 2048 x 2048 , 0.341757 , 9.48906e-05 , 0.229488 , 0.571343
62 , 21 , mapped-by-core-mpi-openmp , 2048 x 2048 , 0.381696 , 9.70364e-05 , 0.235453 , 0.617249
62 , 22 , mapped-by-core-mpi-openmp , 2048 x 2048 , 0.401933 , 8.08239e-05 , 0.271146 , 0.673162
62 , 23 , mapped-by-core-mpi-openmp , 2048 x 2048 , 0.384272 , 8.39233e-05 , 0.242716 , 0.627077
62 , 24 , mapped-by-core-mpi-openmp , 2048 x 2048 , 0.397185 , 8.67844e-05 , 0.24534 , 0.642616
62 , 25 , mapped-by-core-mpi-openmp , 2048 x 2048 , 0.527354 , 9.01222e-05 , 0.245752 , 0.7732
62 , 26 , mapped-by-core-mpi-openmp , 2048 x 2048 , 0.444818 , 8.70228e-05 , 0.29297 , 0.737878
62 , 27 , mapped-by-core-mpi-openmp , 2048 x 2048 , 0.479501 , 6.91414e-05 , 0.306713 , 0.786287
62 , 28 , mapped-by-core-mpi-openmp , 2048 x 2048 , 0.502674 , 8.51154e-05 , 0.34288 , 0.845643
62 , 29 , mapped-by-core-mpi-openmp , 2048 x 2048 , 0.401103 , 6.91414e-05 , 0.307038 , 0.708214
62 , 30 , mapped-by-core-mpi-openmp , 2048 x 2048 , 0.439507 , 8.70228e-05 , 0.291559 , 0.731158
62 , 31 , mapped-by-core-mpi-openmp , 2048 x 2048 , 0.58496 , 8.41618e-05 , 0.365352 , 0.950399
62 , 32 , mapped-by-core-mpi-openmp , 2048 x 2048 , 0.476695 , 8.29697e-05 , 0.273914 , 0.750695
62 , 1 , mapped-by-core-mpi-openmp , 2048 x 2048 , 0.2023 , 8.60691e-05 , 0.14154 , 0.343929
62 , 2 , mapped-by-core-mpi-openmp , 2048 x 2048 , 0.155471 , 8.51154e-05 , 0.104642 , 0.260202
62 , 3 , mapped-by-core-mpi-openmp , 2048 x 2048 , 0.319106 , 8.70228e-05 , 0.150576 , 0.469772
62 , 4 , mapped-by-core-mpi-openmp , 2048 x 2048 , 0.108201 , 9.29832e-05 , 0.140941 , 0.249238
62 , 5 , mapped-by-core-mpi-openmp , 2048 x 2048 , 0.124563 , 8.89301e-05 , 0.145899 , 0.270555
62 , 6 , mapped-by-core-mpi-openmp , 2048 x 2048 , 0.186874 , 8.29697e-05 , 0.158557 , 0.345517
62 , 7 , mapped-by-core-mpi-openmp , 2048 x 2048 , 0.179449 , 8.58307e-05 , 0.173938 , 0.353476
62 , 8 , mapped-by-core-mpi-openmp , 2048 x 2048 , 0.201683 , 8.60691e-05 , 0.140418 , 0.342191
62 , 9 , mapped-by-core-mpi-openmp , 2048 x 2048 , 0.187879 , 8.79765e-05 , 0.142697 , 0.330666
62 , 10 , mapped-by-core-mpi-openmp , 2048 x 2048 , 0.24517 , 9.01222e-05 , 0.180529 , 0.425793
62 , 11 , mapped-by-core-mpi-openmp , 2048 x 2048 , 0.261752 , 8.98838e-05 , 0.301368 , 0.563215
62 , 12 , mapped-by-core-mpi-openmp , 2048 x 2048 , 0.26025 , 9.32217e-05 , 0.198957 , 0.459303
62 , 13 , mapped-by-core-mpi-openmp , 2048 x 2048 , 0.27876 , 8.79765e-05 , 0.181649 , 0.4605
62 , 14 , mapped-by-core-mpi-openmp , 2048 x 2048 , 0.277482 , 9.08375e-05 , 0.264892 , 0.542469
62 , 15 , mapped-by-core-mpi-openmp , 2048 x 2048 , 0.309893 , 8.41618e-05 , 0.186693 , 0.496674
62 , 16 , mapped-by-core-mpi-openmp , 2048 x 2048 , 0.362727 , 8.70228e-05 , 0.194659 , 0.557477
62 , 17 , mapped-by-core-mpi-openmp , 2048 x 2048 , 0.366932 , 8.39233e-05 , 0.207715 , 0.574736
62 , 18 , mapped-by-core-mpi-openmp , 2048 x 2048 , 0.293841 , 8.51154e-05 , 0.234875 , 0.528806
62 , 19 , mapped-by-core-mpi-openmp , 2048 x 2048 , 0.338249 , 8.2016e-05 , 0.206497 , 0.544834
62 , 20 , mapped-by-core-mpi-openmp , 2048 x 2048 , 0.366574 , 0.000101089 , 0.205031 , 0.571711
62 , 21 , mapped-by-core-mpi-openmp , 2048 x 2048 , 0.399917 , 8.89301e-05 , 0.310622 , 0.710632
62 , 22 , mapped-by-core-mpi-openmp , 2048 x 2048 , 0.369242 , 7.10487e-05 , 0.263375 , 0.632691
62 , 23 , mapped-by-core-mpi-openmp , 2048 x 2048 , 0.47102 , 8.79765e-05 , 0.234232 , 0.705345
62 , 24 , mapped-by-core-mpi-openmp , 2048 x 2048 , 0.46858 , 8.10623e-05 , 0.259567 , 0.728233
62 , 25 , mapped-by-core-mpi-openmp , 2048 x 2048 , 0.421097 , 9.20296e-05 , 0.242989 , 0.664182
62 , 26 , mapped-by-core-mpi-openmp , 2048 x 2048 , 0.438434 , 9.70364e-05 , 0.265278 , 0.703813
62 , 27 , mapped-by-core-mpi-openmp , 2048 x 2048 , 0.443753 , 8.91685e-05 , 0.300958 , 0.744803
62 , 28 , mapped-by-core-mpi-openmp , 2048 x 2048 , 0.547972 , 8.82149e-05 , 0.353053 , 0.901117
62 , 29 , mapped-by-core-mpi-openmp , 2048 x 2048 , 0.561169 , 8.91685e-05 , 0.292651 , 0.853913
62 , 30 , mapped-by-core-mpi-openmp , 2048 x 2048 , 0.521952 , 8.91685e-05 , 0.2558 , 0.777844
62 , 31 , mapped-by-core-mpi-openmp , 2048 x 2048 , 0.555055 , 8.89301e-05 , 0.290029 , 0.845177
62 , 32 , mapped-by-core-mpi-openmp , 2048 x 2048 , 0.503314 , 9.70364e-05 , 0.315857 , 0.819271
62 , 1 , mapped-by-core-mpi-openmp , 2048 x 2048 , 0.0923171 , 9.10759e-05 , 0.098943 , 0.191354
62 , 2 , mapped-by-core-mpi-openmp , 2048 x 2048 , 0.146749 , 0.000109196 , 0.132596 , 0.279457
62 , 3 , mapped-by-core-mpi-openmp , 2048 x 2048 , 0.104555 , 8.01086e-05 , 0.111631 , 0.216271
62 , 4 , mapped-by-core-mpi-openmp , 2048 x 2048 , 0.290215 , 8.4877e-05 , 0.196267 , 0.48657
62 , 5 , mapped-by-core-mpi-openmp , 2048 x 2048 , 0.263688 , 9.29832e-05 , 0.14397 , 0.407756
62 , 6 , mapped-by-core-mpi-openmp , 2048 x 2048 , 0.180858 , 8.2016e-05 , 0.125769 , 0.306714
62 , 7 , mapped-by-core-mpi-openmp , 2048 x 2048 , 0.158883 , 9.48906e-05 , 0.167784 , 0.326766
62 , 8 , mapped-by-core-mpi-openmp , 2048 x 2048 , 0.196847 , 8.2016e-05 , 0.186238 , 0.38317
62 , 9 , mapped-by-core-mpi-openmp , 2048 x 2048 , 0.204872 , 8.70228e-05 , 0.156279 , 0.361242
62 , 10 , mapped-by-core-mpi-openmp , 2048 x 2048 , 0.212973 , 8.60691e-05 , 0.16452 , 0.377583
62 , 11 , mapped-by-core-mpi-openmp , 2048 x 2048 , 0.249575 , 8.60691e-05 , 0.192808 , 0.442473
62 , 12 , mapped-by-core-mpi-openmp , 2048 x 2048 , 0.269037 , 6.79493e-05 , 0.19001 , 0.459118
62 , 13 , mapped-by-core-mpi-openmp , 2048 x 2048 , 0.245171 , 7.10487e-05 , 0.208366 , 0.453612
62 , 14 , mapped-by-core-mpi-openmp , 2048 x 2048 , 0.272776 , 8.70228e-05 , 0.212763 , 0.485629
62 , 15 , mapped-by-core-mpi-openmp , 2048 x 2048 , 0.319269 , 9.10759e-05 , 0.191624 , 0.510988
62 , 16 , mapped-by-core-mpi-openmp , 2048 x 2048 , 0.311955 , 9.08375e-05 , 0.219228 , 0.531277
62 , 17 , mapped-by-core-mpi-openmp , 2048 x 2048 , 0.313627 , 8.2016e-05 , 0.228551 , 0.542264
62 , 18 , mapped-by-core-mpi-openmp , 2048 x 2048 , 0.378743 , 8.98838e-05 , 0.20143 , 0.580267
62 , 19 , mapped-by-core-mpi-openmp , 2048 x 2048 , 0.35095 , 8.4877e-05 , 0.258452 , 0.609491
62 , 20 , mapped-by-core-mpi-openmp , 2048 x 2048 , 0.357767 , 9.29832e-05 , 0.221441 , 0.579305
62 , 21 , mapped-by-core-mpi-openmp , 2048 x 2048 , 0.398344 , 8.29697e-05 , 0.287242 , 0.685673
62 , 22 , mapped-by-core-mpi-openmp , 2048 x 2048 , 0.425665 , 7.20024e-05 , 0.250252 , 0.675992
62 , 23 , mapped-by-core-mpi-openmp , 2048 x 2048 , 0.419872 , 9.48906e-05 , 0.210968 , 0.630938
62 , 24 , mapped-by-core-mpi-openmp , 2048 x 2048 , 0.504768 , 9.29832e-05 , 0.241285 , 0.74615
62 , 25 , mapped-by-core-mpi-openmp , 2048 x 2048 , 0.436582 , 0.000106096 , 0.278289 , 0.714979
62 , 26 , mapped-by-core-mpi-openmp , 2048 x 2048 , 0.432342 , 8.60691e-05 , 0.279815 , 0.712246
62 , 27 , mapped-by-core-mpi-openmp , 2048 x 2048 , 0.514273 , 8.79765e-05 , 0.379233 , 0.893599
62 , 28 , mapped-by-core-mpi-openmp , 2048 x 2048 , 0.647882 , 8.4877e-05 , 0.249492 , 0.897462
62 , 29 , mapped-by-core-mpi-openmp , 2048 x 2048 , 0.500895 , 9.10759e-05 , 0.322666 , 0.823656
62 , 30 , mapped-by-core-mpi-openmp , 2048 x 2048 , 0.487654 , 8.70228e-05 , 0.25799 , 0.745735
62 , 31 , mapped-by-core-mpi-openmp , 2048 x 2048 , 0.524552 , 0.000101089 , 0.286088 , 0.810745
62 , 32 , mapped-by-core-mpi-openmp , 2048 x 2048 , 0.571748 , 8.67844e-05 , 0.318571 , 0.89041
63 , 1 , mapped-by-core-mpi-openmp , 2048 x 2048 , 0.122119 , 6.79493e-05 , 0.119124 , 0.241315
63 , 2 , mapped-by-core-mpi-openmp , 2048 x 2048 , 0.162963 , 8.70228e-05 , 0.181243 , 0.344296
63 , 3 , mapped-by-core-mpi-openmp , 2048 x 2048 , 0.137085 , 8.60691e-05 , 0.119561 , 0.256735
63 , 4 , mapped-by-core-mpi-openmp , 2048 x 2048 , 0.165621 , 8.79765e-05 , 0.117542 , 0.283254
63 , 5 , mapped-by-core-mpi-openmp , 2048 x 2048 , 0.234667 , 8.60691e-05 , 0.117128 , 0.351884
63 , 6 , mapped-by-core-mpi-openmp , 2048 x 2048 , 0.245988 , 8.39233e-05 , 0.173086 , 0.419163
63 , 7 , mapped-by-core-mpi-openmp , 2048 x 2048 , 0.243635 , 8.70228e-05 , 0.233023 , 0.476749
63 , 8 , mapped-by-core-mpi-openmp , 2048 x 2048 , 0.250421 , 8.29697e-05 , 0.172101 , 0.422609
63 , 9 , mapped-by-core-mpi-openmp , 2048 x 2048 , 0.2657 , 9.29832e-05 , 0.179248 , 0.445045
63 , 10 , mapped-by-core-mpi-openmp , 2048 x 2048 , 0.420557 , 0.000103951 , 0.176355 , 0.597019
63 , 11 , mapped-by-core-mpi-openmp , 2048 x 2048 , 0.380964 , 8.51154e-05 , 0.162591 , 0.543644
63 , 12 , mapped-by-core-mpi-openmp , 2048 x 2048 , 0.301994 , 8.2016e-05 , 0.194904 , 0.496984
63 , 13 , mapped-by-core-mpi-openmp , 2048 x 2048 , 0.273781 , 8.4877e-05 , 0.201007 , 0.474877
63 , 14 , mapped-by-core-mpi-openmp , 2048 x 2048 , 0.268145 , 8.39233e-05 , 0.294791 , 0.563024
63 , 15 , mapped-by-core-mpi-openmp , 2048 x 2048 , 0.300411 , 6.48499e-05 , 0.194309 , 0.494788
63 , 16 , mapped-by-core-mpi-openmp , 2048 x 2048 , 0.350727 , 8.39233e-05 , 0.194123 , 0.544937
63 , 17 , mapped-by-core-mpi-openmp , 2048 x 2048 , 0.332701 , 8.4877e-05 , 0.195396 , 0.528185
63 , 18 , mapped-by-core-mpi-openmp , 2048 x 2048 , 0.364612 , 7.10487e-05 , 0.215096 , 0.579782
63 , 19 , mapped-by-core-mpi-openmp , 2048 x 2048 , 0.342698 , 9.91821e-05 , 0.217725 , 0.560525
63 , 20 , mapped-by-core-mpi-openmp , 2048 x 2048 , 0.319705 , 9.29832e-05 , 0.24559 , 0.565393
63 , 21 , mapped-by-core-mpi-openmp , 2048 x 2048 , 0.404705 , 8.39233e-05 , 0.250874 , 0.655669
63 , 22 , mapped-by-core-mpi-openmp , 2048 x 2048 , 0.461272 , 8.70228e-05 , 0.26359 , 0.724954
63 , 23 , mapped-by-core-mpi-openmp , 2048 x 2048 , 0.415236 , 8.60691e-05 , 0.310326 , 0.725651
63 , 24 , mapped-by-core-mpi-openmp , 2048 x 2048 , 0.38939 , 8.60691e-05 , 0.244372 , 0.633852
63 , 25 , mapped-by-core-mpi-openmp , 2048 x 2048 , 0.471629 , 9.29832e-05 , 0.296505 , 0.768231
63 , 26 , mapped-by-core-mpi-openmp , 2048 x 2048 , 0.509326 , 8.70228e-05 , 0.283402 , 0.792819
63 , 27 , mapped-by-core-mpi-openmp , 2048 x 2048 , 0.43764 , 9.98974e-05 , 0.274028 , 0.711774
63 , 28 , mapped-by-core-mpi-openmp , 2048 x 2048 , 0.446318 , 0.000102043 , 0.251809 , 0.698233
63 , 29 , mapped-by-core-mpi-openmp , 2048 x 2048 , 0.477719 , 8.82149e-05 , 0.279487 , 0.757297
63 , 30 , mapped-by-core-mpi-openmp , 2048 x 2048 , 0.549082 , 9.60827e-05 , 0.282181 , 0.831362
63 , 31 , mapped-by-core-mpi-openmp , 2048 x 2048 , 0.559477 , 8.70228e-05 , 0.306506 , 0.866074
63 , 32 , mapped-by-core-mpi-openmp , 2048 x 2048 , 0.540589 , 8.91685e-05 , 0.277511 , 0.818193
63 , 1 , mapped-by-core-mpi-openmp , 2048 x 2048 , 0.208349 , 8.58307e-05 , 0.173468 , 0.381906
63 , 2 , mapped-by-core-mpi-openmp , 2048 x 2048 , 0.126189 , 8.89301e-05 , 0.18363 , 0.309914
63 , 3 , mapped-by-core-mpi-openmp , 2048 x 2048 , 0.260744 , 8.41618e-05 , 0.243422 , 0.504254
63 , 4 , mapped-by-core-mpi-openmp , 2048 x 2048 , 0.160893 , 8.70228e-05 , 0.12556 , 0.286544
63 , 5 , mapped-by-core-mpi-openmp , 2048 x 2048 , 0.165665 , 8.29697e-05 , 0.127365 , 0.293116
63 , 6 , mapped-by-core-mpi-openmp , 2048 x 2048 , 0.171805 , 8.89301e-05 , 0.1421 , 0.313998
63 , 7 , mapped-by-core-mpi-openmp , 2048 x 2048 , 0.19778 , 9.10759e-05 , 0.157488 , 0.355364
63 , 8 , mapped-by-core-mpi-openmp , 2048 x 2048 , 0.190922 , 8.60691e-05 , 0.158468 , 0.349479
63 , 9 , mapped-by-core-mpi-openmp , 2048 x 2048 , 0.197988 , 6.48499e-05 , 0.166133 , 0.364189
63 , 10 , mapped-by-core-mpi-openmp , 2048 x 2048 , 0.216195 , 9.01222e-05 , 0.205028 , 0.421316
63 , 11 , mapped-by-core-mpi-openmp , 2048 x 2048 , 0.287431 , 8.39233e-05 , 0.197292 , 0.484811
63 , 12 , mapped-by-core-mpi-openmp , 2048 x 2048 , 0.251649 , 8.70228e-05 , 0.177727 , 0.429466
63 , 13 , mapped-by-core-mpi-openmp , 2048 x 2048 , 0.27326 , 9.799e-05 , 0.171487 , 0.444848
63 , 14 , mapped-by-core-mpi-openmp , 2048 x 2048 , 0.345909 , 7.89165e-05 , 0.212124 , 0.55812
63 , 15 , mapped-by-core-mpi-openmp , 2048 x 2048 , 0.326653 , 8.39233e-05 , 0.234024 , 0.560766
63 , 16 , mapped-by-core-mpi-openmp , 2048 x 2048 , 0.328283 , 9.70364e-05 , 0.203621 , 0.532004
63 , 17 , mapped-by-core-mpi-openmp , 2048 x 2048 , 0.390003 , 8.79765e-05 , 0.200534 , 0.590629
63 , 18 , mapped-by-core-mpi-openmp , 2048 x 2048 , 0.366944 , 9.98974e-05 , 0.199229 , 0.566279
63 , 19 , mapped-by-core-mpi-openmp , 2048 x 2048 , 0.403299 , 8.91685e-05 , 0.285762 , 0.689154
63 , 20 , mapped-by-core-mpi-openmp , 2048 x 2048 , 0.471773 , 8.98838e-05 , 0.235001 , 0.706868
63 , 21 , mapped-by-core-mpi-openmp , 2048 x 2048 , 0.39268 , 8.51154e-05 , 0.30357 , 0.696339
63 , 22 , mapped-by-core-mpi-openmp , 2048 x 2048 , 0.483491 , 9.799e-05 , 0.246196 , 0.729788
63 , 23 , mapped-by-core-mpi-openmp , 2048 x 2048 , 0.445545 , 8.79765e-05 , 0.222199 , 0.667835
63 , 24 , mapped-by-core-mpi-openmp , 2048 x 2048 , 0.496893 , 8.89301e-05 , 0.24857 , 0.745556
63 , 25 , mapped-by-core-mpi-openmp , 2048 x 2048 , 0.554907 , 8.4877e-05 , 0.226759 , 0.781754
63 , 26 , mapped-by-core-mpi-openmp , 2048 x 2048 , 0.459127 , 9.01222e-05 , 0.251923 , 0.711143
63 , 27 , mapped-by-core-mpi-openmp , 2048 x 2048 , 0.490164 , 9.20296e-05 , 0.2965 , 0.78676
63 , 28 , mapped-by-core-mpi-openmp , 2048 x 2048 , 0.47893 , 8.29697e-05 , 0.404026 , 0.883043
63 , 29 , mapped-by-core-mpi-openmp , 2048 x 2048 , 0.526776 , 8.70228e-05 , 0.377699 , 0.904566
63 , 30 , mapped-by-core-mpi-openmp , 2048 x 2048 , 0.599682 , 0.000103951 , 0.283443 , 0.883233
63 , 31 , mapped-by-core-mpi-openmp , 2048 x 2048 , 0.53408 , 8.91685e-05 , 0.28938 , 0.823554
63 , 32 , mapped-by-core-mpi-openmp , 2048 x 2048 , 0.515084 , 8.51154e-05 , 0.426147 , 0.94132
63 , 1 , mapped-by-core-mpi-openmp , 2048 x 2048 , 0.11597 , 9.39369e-05 , 0.122756 , 0.238824
63 , 2 , mapped-by-core-mpi-openmp , 2048 x 2048 , 0.127277 , 8.60691e-05 , 0.114078 , 0.241445
63 , 3 , mapped-by-core-mpi-openmp , 2048 x 2048 , 0.201542 , 0.000108957 , 0.286538 , 0.488193
63 , 4 , mapped-by-core-mpi-openmp , 2048 x 2048 , 0.142645 , 8.01086e-05 , 0.130096 , 0.272825
63 , 5 , mapped-by-core-mpi-openmp , 2048 x 2048 , 0.150699 , 9.29832e-05 , 0.119818 , 0.270614
63 , 6 , mapped-by-core-mpi-openmp , 2048 x 2048 , 0.193071 , 8.08239e-05 , 0.136747 , 0.329902
63 , 7 , mapped-by-core-mpi-openmp , 2048 x 2048 , 0.201722 , 8.70228e-05 , 0.172814 , 0.374626
63 , 8 , mapped-by-core-mpi-openmp , 2048 x 2048 , 0.160292 , 6.98566e-05 , 0.170441 , 0.330807
63 , 9 , mapped-by-core-mpi-openmp , 2048 x 2048 , 0.209996 , 9.58443e-05 , 0.17207 , 0.382166
63 , 10 , mapped-by-core-mpi-openmp , 2048 x 2048 , 0.283822 , 8.60691e-05 , 0.16076 , 0.444672
63 , 11 , mapped-by-core-mpi-openmp , 2048 x 2048 , 0.244062 , 8.32081e-05 , 0.191962 , 0.436112
63 , 12 , mapped-by-core-mpi-openmp , 2048 x 2048 , 0.26613 , 9.10759e-05 , 0.27566 , 0.541884
63 , 13 , mapped-by-core-mpi-openmp , 2048 x 2048 , 0.253133 , 8.70228e-05 , 0.189841 , 0.443064
63 , 14 , mapped-by-core-mpi-openmp , 2048 x 2048 , 0.33294 , 8.29697e-05 , 0.249966 , 0.582992
63 , 15 , mapped-by-core-mpi-openmp , 2048 x 2048 , 0.372078 , 8.39233e-05 , 0.245566 , 0.617732
63 , 16 , mapped-by-core-mpi-openmp , 2048 x 2048 , 0.330505 , 8.82149e-05 , 0.186407 , 0.517003
63 , 17 , mapped-by-core-mpi-openmp , 2048 x 2048 , 0.334658 , 8.98838e-05 , 0.241572 , 0.576324
63 , 18 , mapped-by-core-mpi-openmp , 2048 x 2048 , 0.339086 , 9.39369e-05 , 0.212465 , 0.55165
63 , 19 , mapped-by-core-mpi-openmp , 2048 x 2048 , 0.437901 , 9.20296e-05 , 0.252999 , 0.690996
63 , 20 , mapped-by-core-mpi-openmp , 2048 x 2048 , 0.355853 , 8.10623e-05 , 0.216956 , 0.572893
63 , 21 , mapped-by-core-mpi-openmp , 2048 x 2048 , 0.397392 , 9.01222e-05 , 0.205727 , 0.603213
63 , 22 , mapped-by-core-mpi-openmp , 2048 x 2048 , 0.414475 , 8.39233e-05 , 0.304542 , 0.719104
63 , 23 , mapped-by-core-mpi-openmp , 2048 x 2048 , 0.399422 , 9.29832e-05 , 0.264187 , 0.663706
63 , 24 , mapped-by-core-mpi-openmp , 2048 x 2048 , 0.422836 , 8.2016e-05 , 0.262776 , 0.685698
63 , 25 , mapped-by-core-mpi-openmp , 2048 x 2048 , 0.415228 , 7.51019e-05 , 0.275212 , 0.690519
63 , 26 , mapped-by-core-mpi-openmp , 2048 x 2048 , 0.598716 , 8.4877e-05 , 0.298179 , 0.896985
63 , 27 , mapped-by-core-mpi-openmp , 2048 x 2048 , 0.457717 , 8.60691e-05 , 0.285635 , 0.743442
63 , 28 , mapped-by-core-mpi-openmp , 2048 x 2048 , 0.487376 , 8.79765e-05 , 0.32853 , 0.815999
63 , 29 , mapped-by-core-mpi-openmp , 2048 x 2048 , 0.477292 , 9.89437e-05 , 0.309819 , 0.787215
63 , 30 , mapped-by-core-mpi-openmp , 2048 x 2048 , 0.499026 , 9.01222e-05 , 0.280344 , 0.779464
63 , 31 , mapped-by-core-mpi-openmp , 2048 x 2048 , 0.592761 , 9.10759e-05 , 0.320927 , 0.913783
63 , 32 , mapped-by-core-mpi-openmp , 2048 x 2048 , 0.542257 , 8.60691e-05 , 0.31548 , 0.857828
63 , 1 , mapped-by-core-mpi-openmp , 2048 x 2048 , 0.156825 , 8.29697e-05 , 0.12026 , 0.277172
63 , 2 , mapped-by-core-mpi-openmp , 2048 x 2048 , 0.156632 , 9.08375e-05 , 0.152264 , 0.30899
63 , 3 , mapped-by-core-mpi-openmp , 2048 x 2048 , 0.126416 , 8.98838e-05 , 0.118874 , 0.245383
63 , 4 , mapped-by-core-mpi-openmp , 2048 x 2048 , 0.120974 , 8.39233e-05 , 0.121552 , 0.242615
63 , 5 , mapped-by-core-mpi-openmp , 2048 x 2048 , 0.17434 , 8.60691e-05 , 0.235698 , 0.41013
63 , 6 , mapped-by-core-mpi-openmp , 2048 x 2048 , 0.173584 , 7.98702e-05 , 0.146223 , 0.31989
63 , 7 , mapped-by-core-mpi-openmp , 2048 x 2048 , 0.189698 , 8.70228e-05 , 0.189297 , 0.379085
63 , 8 , mapped-by-core-mpi-openmp , 2048 x 2048 , 0.208501 , 8.70228e-05 , 0.167948 , 0.37654
63 , 9 , mapped-by-core-mpi-openmp , 2048 x 2048 , 0.2499 , 8.58307e-05 , 0.19469 , 0.444681
63 , 10 , mapped-by-core-mpi-openmp , 2048 x 2048 , 0.203764 , 9.10759e-05 , 0.196757 , 0.400617
63 , 11 , mapped-by-core-mpi-openmp , 2048 x 2048 , 0.252357 , 8.4877e-05 , 0.189495 , 0.44194
63 , 12 , mapped-by-core-mpi-openmp , 2048 x 2048 , 0.281967 , 6.8903e-05 , 0.178217 , 0.460256
63 , 13 , mapped-by-core-mpi-openmp , 2048 x 2048 , 0.273784 , 6.69956e-05 , 0.196966 , 0.47082
63 , 14 , mapped-by-core-mpi-openmp , 2048 x 2048 , 0.319831 , 0.000104904 , 0.178671 , 0.498611
63 , 15 , mapped-by-core-mpi-openmp , 2048 x 2048 , 0.285946 , 8.4877e-05 , 0.199098 , 0.485134
63 , 16 , mapped-by-core-mpi-openmp , 2048 x 2048 , 0.422123 , 8.91685e-05 , 0.20405 , 0.626265
63 , 17 , mapped-by-core-mpi-openmp , 2048 x 2048 , 0.354534 , 8.41618e-05 , 0.225452 , 0.580074
63 , 18 , mapped-by-core-mpi-openmp , 2048 x 2048 , 0.377279 , 8.98838e-05 , 0.218241 , 0.595613
63 , 19 , mapped-by-core-mpi-openmp , 2048 x 2048 , 0.426929 , 8.60691e-05 , 0.25748 , 0.684499
63 , 20 , mapped-by-core-mpi-openmp , 2048 x 2048 , 0.43701 , 8.79765e-05 , 0.299567 , 0.736668
63 , 21 , mapped-by-core-mpi-openmp , 2048 x 2048 , 0.416878 , 9.799e-05 , 0.279087 , 0.696066
63 , 22 , mapped-by-core-mpi-openmp , 2048 x 2048 , 0.434854 , 8.29697e-05 , 0.236984 , 0.671926
63 , 23 , mapped-by-core-mpi-openmp , 2048 x 2048 , 0.392493 , 8.79765e-05 , 0.27763 , 0.670214
63 , 24 , mapped-by-core-mpi-openmp , 2048 x 2048 , 0.469771 , 8.70228e-05 , 0.348189 , 0.81805
63 , 25 , mapped-by-core-mpi-openmp , 2048 x 2048 , 0.483793 , 8.60691e-05 , 0.277183 , 0.761066
63 , 26 , mapped-by-core-mpi-openmp , 2048 x 2048 , 0.419887 , 9.39369e-05 , 0.27315 , 0.693135
63 , 27 , mapped-by-core-mpi-openmp , 2048 x 2048 , 0.469346 , 8.70228e-05 , 0.264464 , 0.7339
63 , 28 , mapped-by-core-mpi-openmp , 2048 x 2048 , 0.626403 , 0.000101089 , 0.336223 , 0.962732
63 , 29 , mapped-by-core-mpi-openmp , 2048 x 2048 , 0.542542 , 8.70228e-05 , 0.266245 , 0.808877
63 , 30 , mapped-by-core-mpi-openmp , 2048 x 2048 , 0.48711 , 8.79765e-05 , 0.262604 , 0.749805
63 , 31 , mapped-by-core-mpi-openmp , 2048 x 2048 , 0.557532 , 7.89165e-05 , 0.287515 , 0.845129
63 , 32 , mapped-by-core-mpi-openmp , 2048 x 2048 , 0.606975 , 8.79765e-05 , 0.373913 , 0.98098
63 , 1 , mapped-by-core-mpi-openmp , 2048 x 2048 , 0.274697 , 9.01222e-05 , 0.119806 , 0.394596
63 , 2 , mapped-by-core-mpi-openmp , 2048 x 2048 , 0.11152 , 8.51154e-05 , 0.115594 , 0.227203
63 , 3 , mapped-by-core-mpi-openmp , 2048 x 2048 , 0.130687 , 9.20296e-05 , 0.194213 , 0.324997
63 , 4 , mapped-by-core-mpi-openmp , 2048 x 2048 , 0.16212 , 8.91685e-05 , 0.15963 , 0.321843
63 , 5 , mapped-by-core-mpi-openmp , 2048 x 2048 , 0.293417 , 9.48906e-05 , 0.149099 , 0.442614
63 , 6 , mapped-by-core-mpi-openmp , 2048 x 2048 , 0.190681 , 8.89301e-05 , 0.25286 , 0.443635
63 , 7 , mapped-by-core-mpi-openmp , 2048 x 2048 , 0.189339 , 8.70228e-05 , 0.144191 , 0.33362
63 , 8 , mapped-by-core-mpi-openmp , 2048 x 2048 , 0.206458 , 8.29697e-05 , 0.148442 , 0.354987
63 , 9 , mapped-by-core-mpi-openmp , 2048 x 2048 , 0.207636 , 8.91685e-05 , 0.277496 , 0.485225
63 , 10 , mapped-by-core-mpi-openmp , 2048 x 2048 , 0.220466 , 8.4877e-05 , 0.168569 , 0.389127
63 , 11 , mapped-by-core-mpi-openmp , 2048 x 2048 , 0.228515 , 9.10759e-05 , 0.160928 , 0.389538
63 , 12 , mapped-by-core-mpi-openmp , 2048 x 2048 , 0.262649 , 8.89301e-05 , 0.176222 , 0.438963
63 , 13 , mapped-by-core-mpi-openmp , 2048 x 2048 , 0.29015 , 8.79765e-05 , 0.272535 , 0.562777
63 , 14 , mapped-by-core-mpi-openmp , 2048 x 2048 , 0.25498 , 8.91685e-05 , 0.194088 , 0.449159
63 , 15 , mapped-by-core-mpi-openmp , 2048 x 2048 , 0.420532 , 8.98838e-05 , 0.214805 , 0.63543
63 , 16 , mapped-by-core-mpi-openmp , 2048 x 2048 , 0.305975 , 9.20296e-05 , 0.202297 , 0.508367
63 , 17 , mapped-by-core-mpi-openmp , 2048 x 2048 , 0.357683 , 8.58307e-05 , 0.20808 , 0.565853
63 , 18 , mapped-by-core-mpi-openmp , 2048 x 2048 , 0.353681 , 8.2016e-05 , 0.207228 , 0.560997
63 , 19 , mapped-by-core-mpi-openmp , 2048 x 2048 , 0.349611 , 9.20296e-05 , 0.256515 , 0.606221
63 , 20 , mapped-by-core-mpi-openmp , 2048 x 2048 , 0.389258 , 8.70228e-05 , 0.279595 , 0.668944
63 , 21 , mapped-by-core-mpi-openmp , 2048 x 2048 , 0.399914 , 8.89301e-05 , 0.232364 , 0.632371
63 , 22 , mapped-by-core-mpi-openmp , 2048 x 2048 , 0.404964 , 8.60691e-05 , 0.243181 , 0.648235
63 , 23 , mapped-by-core-mpi-openmp , 2048 x 2048 , 0.434114 , 0.000104904 , 0.251103 , 0.685325
63 , 24 , mapped-by-core-mpi-openmp , 2048 x 2048 , 0.543785 , 8.41618e-05 , 0.349322 , 0.893196
63 , 25 , mapped-by-core-mpi-openmp , 2048 x 2048 , 0.438614 , 0.000100136 , 0.303352 , 0.74207
63 , 26 , mapped-by-core-mpi-openmp , 2048 x 2048 , 0.459206 , 9.08375e-05 , 0.267914 , 0.727216
63 , 27 , mapped-by-core-mpi-openmp , 2048 x 2048 , 0.425385 , 8.2016e-05 , 0.25558 , 0.68105
63 , 28 , mapped-by-core-mpi-openmp , 2048 x 2048 , 0.507389 , 8.4877e-05 , 0.251028 , 0.758505
63 , 29 , mapped-by-core-mpi-openmp , 2048 x 2048 , 0.494316 , 9.39369e-05 , 0.273044 , 0.767457
63 , 30 , mapped-by-core-mpi-openmp , 2048 x 2048 , 0.507908 , 9.20296e-05 , 0.282815 , 0.790818
63 , 31 , mapped-by-core-mpi-openmp , 2048 x 2048 , 0.551552 , 8.58307e-05 , 0.28455 , 0.836192
63 , 32 , mapped-by-core-mpi-openmp , 2048 x 2048 , 0.556898 , 9.89437e-05 , 0.324062 , 0.881062
64 , 1 , mapped-by-core-mpi-openmp , 2048 x 2048 , 0.149092 , 8.01086e-05 , 0.156425 , 0.305601
64 , 2 , mapped-by-core-mpi-openmp , 2048 x 2048 , 0.140314 , 9.01222e-05 , 0.140593 , 0.281001
64 , 3 , mapped-by-core-mpi-openmp , 2048 x 2048 , 0.130082 , 9.58443e-05 , 0.119679 , 0.24986
64 , 4 , mapped-by-core-mpi-openmp , 2048 x 2048 , 0.267262 , 8.2016e-05 , 0.16293 , 0.430278
64 , 5 , mapped-by-core-mpi-openmp , 2048 x 2048 , 0.161155 , 7.89165e-05 , 0.113663 , 0.274902
64 , 6 , mapped-by-core-mpi-openmp , 2048 x 2048 , 0.138341 , 9.01222e-05 , 0.140234 , 0.278668
64 , 7 , mapped-by-core-mpi-openmp , 2048 x 2048 , 0.174923 , 9.20296e-05 , 0.147187 , 0.322206
64 , 8 , mapped-by-core-mpi-openmp , 2048 x 2048 , 0.15422 , 8.29697e-05 , 0.168129 , 0.322437
64 , 9 , mapped-by-core-mpi-openmp , 2048 x 2048 , 0.197845 , 8.98838e-05 , 0.194362 , 0.392301
64 , 10 , mapped-by-core-mpi-openmp , 2048 x 2048 , 0.250907 , 8.91685e-05 , 0.147245 , 0.398245
64 , 11 , mapped-by-core-mpi-openmp , 2048 x 2048 , 0.296384 , 9.70364e-05 , 0.188579 , 0.485064
64 , 12 , mapped-by-core-mpi-openmp , 2048 x 2048 , 0.273717 , 8.29697e-05 , 0.168322 , 0.442126
64 , 13 , mapped-by-core-mpi-openmp , 2048 x 2048 , 0.28973 , 8.4877e-05 , 0.185586 , 0.475406
64 , 14 , mapped-by-core-mpi-openmp , 2048 x 2048 , 0.281193 , 8.70228e-05 , 0.193887 , 0.47517
64 , 15 , mapped-by-core-mpi-openmp , 2048 x 2048 , 0.303854 , 8.60691e-05 , 0.222355 , 0.5263
64 , 16 , mapped-by-core-mpi-openmp , 2048 x 2048 , 0.313175 , 9.20296e-05 , 0.210889 , 0.52416
64 , 17 , mapped-by-core-mpi-openmp , 2048 x 2048 , 0.345838 , 8.67844e-05 , 0.295918 , 0.641848
64 , 18 , mapped-by-core-mpi-openmp , 2048 x 2048 , 0.351836 , 8.60691e-05 , 0.21664 , 0.568566
64 , 19 , mapped-by-core-mpi-openmp , 2048 x 2048 , 0.373638 , 8.60691e-05 , 0.208669 , 0.582396
64 , 20 , mapped-by-core-mpi-openmp , 2048 x 2048 , 0.382517 , 6.60419e-05 , 0.220609 , 0.603197
64 , 21 , mapped-by-core-mpi-openmp , 2048 x 2048 , 0.398342 , 8.89301e-05 , 0.272263 , 0.670698
64 , 22 , mapped-by-core-mpi-openmp , 2048 x 2048 , 0.389908 , 9.10759e-05 , 0.242979 , 0.63298
64 , 23 , mapped-by-core-mpi-openmp , 2048 x 2048 , 0.354042 , 0.010098 , 0.366347 , 0.730492
64 , 24 , mapped-by-core-mpi-openmp , 2048 x 2048 , 0.537569 , 8.67844e-05 , 0.425349 , 0.963009
64 , 25 , mapped-by-core-mpi-openmp , 2048 x 2048 , 0.488704 , 8.29697e-05 , 0.24024 , 0.729032
64 , 26 , mapped-by-core-mpi-openmp , 2048 x 2048 , 0.441309 , 9.48906e-05 , 0.292688 , 0.734094
64 , 27 , mapped-by-core-mpi-openmp , 2048 x 2048 , 0.466774 , 8.89301e-05 , 0.357306 , 0.824173
64 , 28 , mapped-by-core-mpi-openmp , 2048 x 2048 , 0.514026 , 8.98838e-05 , 0.305061 , 0.819183
64 , 29 , mapped-by-core-mpi-openmp , 2048 x 2048 , 0.540198 , 8.60691e-05 , 0.414631 , 0.954921
64 , 30 , mapped-by-core-mpi-openmp , 2048 x 2048 , 0.55353 , 8.70228e-05 , 0.294128 , 0.847748
64 , 31 , mapped-by-core-mpi-openmp , 2048 x 2048 , 0.495313 , 9.10759e-05 , 0.256935 , 0.752343
64 , 32 , mapped-by-core-mpi-openmp , 2048 x 2048 , 0.560858 , 9.20296e-05 , 0.282665 , 0.843621
64 , 1 , mapped-by-core-mpi-openmp , 2048 x 2048 , 0.242885 , 8.29697e-05 , 0.114828 , 0.357802
64 , 2 , mapped-by-core-mpi-openmp , 2048 x 2048 , 0.180341 , 9.08375e-05 , 0.248198 , 0.428634
64 , 3 , mapped-by-core-mpi-openmp , 2048 x 2048 , 0.128053 , 6.19888e-05 , 0.142836 , 0.270954
64 , 4 , mapped-by-core-mpi-openmp , 2048 x 2048 , 0.214467 , 6.69956e-05 , 0.149641 , 0.364178
64 , 5 , mapped-by-core-mpi-openmp , 2048 x 2048 , 0.180541 , 8.60691e-05 , 0.172804 , 0.353434
64 , 6 , mapped-by-core-mpi-openmp , 2048 x 2048 , 0.17713 , 8.10623e-05 , 0.148261 , 0.325476
64 , 7 , mapped-by-core-mpi-openmp , 2048 x 2048 , 0.157816 , 8.70228e-05 , 0.146098 , 0.304005
64 , 8 , mapped-by-core-mpi-openmp , 2048 x 2048 , 0.197162 , 9.10759e-05 , 0.180523 , 0.377779
64 , 9 , mapped-by-core-mpi-openmp , 2048 x 2048 , 0.240582 , 9.10759e-05 , 0.1737 , 0.414377
64 , 10 , mapped-by-core-mpi-openmp , 2048 x 2048 , 0.208651 , 8.60691e-05 , 0.151804 , 0.360546
64 , 11 , mapped-by-core-mpi-openmp , 2048 x 2048 , 0.236542 , 8.60691e-05 , 0.227637 , 0.464268
64 , 12 , mapped-by-core-mpi-openmp , 2048 x 2048 , 0.26364 , 9.48906e-05 , 0.170428 , 0.434166
64 , 13 , mapped-by-core-mpi-openmp , 2048 x 2048 , 0.352767 , 8.2016e-05 , 0.201549 , 0.554402
64 , 14 , mapped-by-core-mpi-openmp , 2048 x 2048 , 0.290265 , 9.01222e-05 , 0.234075 , 0.524435
64 , 15 , mapped-by-core-mpi-openmp , 2048 x 2048 , 0.363747 , 8.51154e-05 , 0.17966 , 0.543497
64 , 16 , mapped-by-core-mpi-openmp , 2048 x 2048 , 0.423854 , 8.89301e-05 , 0.264066 , 0.688012
64 , 17 , mapped-by-core-mpi-openmp , 2048 x 2048 , 0.414133 , 8.29697e-05 , 0.255674 , 0.669894
64 , 18 , mapped-by-core-mpi-openmp , 2048 x 2048 , 0.359614 , 8.89301e-05 , 0.236831 , 0.59654
64 , 19 , mapped-by-core-mpi-openmp , 2048 x 2048 , 0.378814 , 8.60691e-05 , 0.23164 , 0.610544
64 , 20 , mapped-by-core-mpi-openmp , 2048 x 2048 , 0.371998 , 6.10352e-05 , 0.231937 , 0.604
64 , 21 , mapped-by-core-mpi-openmp , 2048 x 2048 , 0.35251 , 6.79493e-05 , 0.25769 , 0.610273
64 , 22 , mapped-by-core-mpi-openmp , 2048 x 2048 , 0.3451 , 8.41618e-05 , 0.221901 , 0.567089
64 , 23 , mapped-by-core-mpi-openmp , 2048 x 2048 , 0.415375 , 9.10759e-05 , 0.262882 , 0.678351
64 , 24 , mapped-by-core-mpi-openmp , 2048 x 2048 , 0.442316 , 8.98838e-05 , 0.285459 , 0.72787
64 , 25 , mapped-by-core-mpi-openmp , 2048 x 2048 , 0.514068 , 9.20296e-05 , 0.274251 , 0.788415
64 , 26 , mapped-by-core-mpi-openmp , 2048 x 2048 , 0.44682 , 8.60691e-05 , 0.291208 , 0.738117
64 , 27 , mapped-by-core-mpi-openmp , 2048 x 2048 , 0.498976 , 9.17912e-05 , 0.292337 , 0.79141
64 , 28 , mapped-by-core-mpi-openmp , 2048 x 2048 , 0.514028 , 8.98838e-05 , 0.255133 , 0.769254
64 , 29 , mapped-by-core-mpi-openmp , 2048 x 2048 , 0.491261 , 8.70228e-05 , 0.260477 , 0.751828
64 , 30 , mapped-by-core-mpi-openmp , 2048 x 2048 , 0.613842 , 9.10759e-05 , 0.264018 , 0.877955
64 , 31 , mapped-by-core-mpi-openmp , 2048 x 2048 , 0.490654 , 8.60691e-05 , 0.278495 , 0.769238
64 , 32 , mapped-by-core-mpi-openmp , 2048 x 2048 , 0.612231 , 8.79765e-05 , 0.391828 , 1.00415
64 , 1 , mapped-by-core-mpi-openmp , 2048 x 2048 , 0.113332 , 8.70228e-05 , 0.126798 , 0.240221
64 , 2 , mapped-by-core-mpi-openmp , 2048 x 2048 , 0.122133 , 9.10759e-05 , 0.118195 , 0.240422
64 , 3 , mapped-by-core-mpi-openmp , 2048 x 2048 , 0.265205 , 8.70228e-05 , 0.172176 , 0.437472
64 , 4 , mapped-by-core-mpi-openmp , 2048 x 2048 , 0.161775 , 8.60691e-05 , 0.170096 , 0.331962
64 , 5 , mapped-by-core-mpi-openmp , 2048 x 2048 , 0.145804 , 8.79765e-05 , 0.174722 , 0.320619
64 , 6 , mapped-by-core-mpi-openmp , 2048 x 2048 , 0.254733 , 8.32081e-05 , 0.163452 , 0.418273
64 , 7 , mapped-by-core-mpi-openmp , 2048 x 2048 , 0.178773 , 8.60691e-05 , 0.182726 , 0.36159
64 , 8 , mapped-by-core-mpi-openmp , 2048 x 2048 , 0.187365 , 9.29832e-05 , 0.162703 , 0.350163
64 , 9 , mapped-by-core-mpi-openmp , 2048 x 2048 , 0.248476 , 8.39233e-05 , 0.148703 , 0.397267
64 , 10 , mapped-by-core-mpi-openmp , 2048 x 2048 , 0.207648 , 8.39233e-05 , 0.155416 , 0.363152
64 , 11 , mapped-by-core-mpi-openmp , 2048 x 2048 , 0.254142 , 8.98838e-05 , 0.218388 , 0.472624
64 , 12 , mapped-by-core-mpi-openmp , 2048 x 2048 , 0.513908 , 8.89301e-05 , 0.264491 , 0.778495
64 , 13 , mapped-by-core-mpi-openmp , 2048 x 2048 , 0.232008 , 9.39369e-05 , 0.165912 , 0.398018
64 , 14 , mapped-by-core-mpi-openmp , 2048 x 2048 , 0.25569 , 8.39233e-05 , 0.1899 , 0.445677
64 , 15 , mapped-by-core-mpi-openmp , 2048 x 2048 , 0.257979 , 8.70228e-05 , 0.211667 , 0.469737
64 , 16 , mapped-by-core-mpi-openmp , 2048 x 2048 , 0.283941 , 9.29832e-05 , 0.238025 , 0.522064
64 , 17 , mapped-by-core-mpi-openmp , 2048 x 2048 , 0.379714 , 8.2016e-05 , 0.203433 , 0.583233
64 , 18 , mapped-by-core-mpi-openmp , 2048 x 2048 , 0.357448 , 6.8903e-05 , 0.226986 , 0.584507
64 , 19 , mapped-by-core-mpi-openmp , 2048 x 2048 , 0.377173 , 8.98838e-05 , 0.366133 , 0.743399
64 , 20 , mapped-by-core-mpi-openmp , 2048 x 2048 , 0.378761 , 9.10759e-05 , 0.241612 , 0.620468
64 , 21 , mapped-by-core-mpi-openmp , 2048 x 2048 , 0.52166 , 9.10759e-05 , 0.266809 , 0.788565
64 , 22 , mapped-by-core-mpi-openmp , 2048 x 2048 , 0.355727 , 0.000100136 , 0.29825 , 0.654081
64 , 23 , mapped-by-core-mpi-openmp , 2048 x 2048 , 0.402682 , 9.799e-05 , 0.243582 , 0.646365
64 , 24 , mapped-by-core-mpi-openmp , 2048 x 2048 , 0.523833 , 8.79765e-05 , 0.281175 , 0.805099
64 , 25 , mapped-by-core-mpi-openmp , 2048 x 2048 , 0.491249 , 9.89437e-05 , 0.381661 , 0.873014
64 , 26 , mapped-by-core-mpi-openmp , 2048 x 2048 , 0.477702 , 8.4877e-05 , 0.245737 , 0.723528
64 , 27 , mapped-by-core-mpi-openmp , 2048 x 2048 , 0.547335 , 9.41753e-05 , 0.320196 , 0.867628
64 , 28 , mapped-by-core-mpi-openmp , 2048 x 2048 , 0.507963 , 8.4877e-05 , 0.253077 , 0.761129
64 , 29 , mapped-by-core-mpi-openmp , 2048 x 2048 , 0.470031 , 8.89301e-05 , 0.334141 , 0.804265
64 , 30 , mapped-by-core-mpi-openmp , 2048 x 2048 , 0.587317 , 8.39233e-05 , 0.27174 , 0.859147
64 , 31 , mapped-by-core-mpi-openmp , 2048 x 2048 , 0.502369 , 8.70228e-05 , 0.301133 , 0.803594
64 , 32 , mapped-by-core-mpi-openmp , 2048 x 2048 , 0.552676 , 9.41753e-05 , 0.32247 , 0.875243
64 , 1 , mapped-by-core-mpi-openmp , 2048 x 2048 , 0.125189 , 8.60691e-05 , 0.148207 , 0.273488
64 , 2 , mapped-by-core-mpi-openmp , 2048 x 2048 , 0.472886 , 8.91685e-05 , 0.245887 , 0.718866
64 , 3 , mapped-by-core-mpi-openmp , 2048 x 2048 , 0.121141 , 9.10759e-05 , 0.1437 , 0.264935
64 , 4 , mapped-by-core-mpi-openmp , 2048 x 2048 , 0.138303 , 8.70228e-05 , 0.118072 , 0.256466
64 , 5 , mapped-by-core-mpi-openmp , 2048 x 2048 , 0.2053 , 9.10759e-05 , 0.198493 , 0.403888
64 , 6 , mapped-by-core-mpi-openmp , 2048 x 2048 , 0.374386 , 8.39233e-05 , 0.210629 , 0.585103
64 , 7 , mapped-by-core-mpi-openmp , 2048 x 2048 , 0.284185 , 8.39233e-05 , 0.225511 , 0.509785
64 , 8 , mapped-by-core-mpi-openmp , 2048 x 2048 , 0.20198 , 8.29697e-05 , 0.165682 , 0.367749
64 , 9 , mapped-by-core-mpi-openmp , 2048 x 2048 , 0.222867 , 6.60419e-05 , 0.190868 , 0.413805
64 , 10 , mapped-by-core-mpi-openmp , 2048 x 2048 , 0.236548 , 8.70228e-05 , 0.190454 , 0.427093
64 , 11 , mapped-by-core-mpi-openmp , 2048 x 2048 , 0.251775 , 8.51154e-05 , 0.171538 , 0.423402
64 , 12 , mapped-by-core-mpi-openmp , 2048 x 2048 , 0.290076 , 8.10623e-05 , 0.208806 , 0.498967
64 , 13 , mapped-by-core-mpi-openmp , 2048 x 2048 , 0.307221 , 8.29697e-05 , 0.184161 , 0.491471
64 , 14 , mapped-by-core-mpi-openmp , 2048 x 2048 , 0.480091 , 8.2016e-05 , 0.269867 , 0.750045
64 , 15 , mapped-by-core-mpi-openmp , 2048 x 2048 , 0.343413 , 8.70228e-05 , 0.222906 , 0.56641
64 , 16 , mapped-by-core-mpi-openmp , 2048 x 2048 , 0.288994 , 9.10759e-05 , 0.216923 , 0.506013
64 , 17 , mapped-by-core-mpi-openmp , 2048 x 2048 , 0.326442 , 9.60827e-05 , 0.22036 , 0.546901
64 , 18 , mapped-by-core-mpi-openmp , 2048 x 2048 , 0.306535 , 9.10759e-05 , 0.20943 , 0.516059
64 , 19 , mapped-by-core-mpi-openmp , 2048 x 2048 , 0.377253 , 8.4877e-05 , 0.209088 , 0.58643
64 , 20 , mapped-by-core-mpi-openmp , 2048 x 2048 , 0.389621 , 9.08375e-05 , 0.3936 , 0.783317
64 , 21 , mapped-by-core-mpi-openmp , 2048 x 2048 , 0.371962 , 9.01222e-05 , 0.301104 , 0.67316
64 , 22 , mapped-by-core-mpi-openmp , 2048 x 2048 , 0.458151 , 8.17776e-05 , 0.301518 , 0.759754
64 , 23 , mapped-by-core-mpi-openmp , 2048 x 2048 , 0.470197 , 8.89301e-05 , 0.301358 , 0.771648
64 , 24 , mapped-by-core-mpi-openmp , 2048 x 2048 , 0.514201 , 8.70228e-05 , 0.244247 , 0.75854
64 , 25 , mapped-by-core-mpi-openmp , 2048 x 2048 , 0.415134 , 8.79765e-05 , 0.260379 , 0.675605
64 , 26 , mapped-by-core-mpi-openmp , 2048 x 2048 , 0.505507 , 9.29832e-05 , 0.249967 , 0.755571
64 , 27 , mapped-by-core-mpi-openmp , 2048 x 2048 , 0.502806 , 8.70228e-05 , 0.266123 , 0.769021
64 , 28 , mapped-by-core-mpi-openmp , 2048 x 2048 , 0.505171 , 8.89301e-05 , 0.304798 , 0.810062
64 , 29 , mapped-by-core-mpi-openmp , 2048 x 2048 , 0.648331 , 9.29832e-05 , 0.273907 , 0.922335
64 , 30 , mapped-by-core-mpi-openmp , 2048 x 2048 , 0.56455 , 8.91685e-05 , 0.278119 , 0.842762
64 , 31 , mapped-by-core-mpi-openmp , 2048 x 2048 , 0.532961 , 8.58307e-05 , 0.300622 , 0.833673
64 , 32 , mapped-by-core-mpi-openmp , 2048 x 2048 , 0.544232 , 9.29832e-05 , 0.352177 , 0.896505
64 , 1 , mapped-by-core-mpi-openmp , 2048 x 2048 , 0.161684 , 8.29697e-05 , 0.213721 , 0.375492
64 , 2 , mapped-by-core-mpi-openmp , 2048 x 2048 , 0.207064 , 9.29832e-05 , 0.154657 , 0.361819
64 , 3 , mapped-by-core-mpi-openmp , 2048 x 2048 , 0.184931 , 8.82149e-05 , 0.137904 , 0.322926
64 , 4 , mapped-by-core-mpi-openmp , 2048 x 2048 , 0.361472 , 8.89301e-05 , 0.220716 , 0.582281
64 , 5 , mapped-by-core-mpi-openmp , 2048 x 2048 , 0.173844 , 8.98838e-05 , 0.132472 , 0.30641
64 , 6 , mapped-by-core-mpi-openmp , 2048 x 2048 , 0.196094 , 9.48906e-05 , 0.124438 , 0.320631
64 , 7 , mapped-by-core-mpi-openmp , 2048 x 2048 , 0.172147 , 8.79765e-05 , 0.134057 , 0.306296
64 , 8 , mapped-by-core-mpi-openmp , 2048 x 2048 , 0.223623 , 8.91685e-05 , 0.136338 , 0.360056
64 , 9 , mapped-by-core-mpi-openmp , 2048 x 2048 , 0.228477 , 8.98838e-05 , 0.171715 , 0.400288
64 , 10 , mapped-by-core-mpi-openmp , 2048 x 2048 , 0.208496 , 9.20296e-05 , 0.27336 , 0.481951
64 , 11 , mapped-by-core-mpi-openmp , 2048 x 2048 , 0.290574 , 8.82149e-05 , 0.285822 , 0.576488
64 , 12 , mapped-by-core-mpi-openmp , 2048 x 2048 , 0.27698 , 0.000102997 , 0.177966 , 0.455053
64 , 13 , mapped-by-core-mpi-openmp , 2048 x 2048 , 0.301416 , 8.58307e-05 , 0.250855 , 0.552361
64 , 14 , mapped-by-core-mpi-openmp , 2048 x 2048 , 0.282898 , 9.48906e-05 , 0.171376 , 0.454372
64 , 15 , mapped-by-core-mpi-openmp , 2048 x 2048 , 0.402841 , 8.29697e-05 , 0.196153 , 0.599081
64 , 16 , mapped-by-core-mpi-openmp , 2048 x 2048 , 0.384598 , 9.98974e-05 , 0.196998 , 0.581702
64 , 17 , mapped-by-core-mpi-openmp , 2048 x 2048 , 0.334022 , 9.01222e-05 , 0.247751 , 0.581867
64 , 18 , mapped-by-core-mpi-openmp , 2048 x 2048 , 0.343696 , 6.98566e-05 , 0.191571 , 0.535341
64 , 19 , mapped-by-core-mpi-openmp , 2048 x 2048 , 0.385927 , 9.89437e-05 , 0.200945 , 0.586974
64 , 20 , mapped-by-core-mpi-openmp , 2048 x 2048 , 0.432859 , 9.5129e-05 , 0.246218 , 0.679176
64 , 21 , mapped-by-core-mpi-openmp , 2048 x 2048 , 0.367527 , 9.29832e-05 , 0.217745 , 0.58537
64 , 22 , mapped-by-core-mpi-openmp , 2048 x 2048 , 0.433843 , 8.79765e-05 , 0.26113 , 0.695066
64 , 23 , mapped-by-core-mpi-openmp , 2048 x 2048 , 0.401677 , 8.2016e-05 , 0.326585 , 0.728347
64 , 24 , mapped-by-core-mpi-openmp , 2048 x 2048 , 0.554368 , 8.79765e-05 , 0.282942 , 0.837401
64 , 25 , mapped-by-core-mpi-openmp , 2048 x 2048 , 0.417685 , 8.98838e-05 , 0.266971 , 0.684748
64 , 26 , mapped-by-core-mpi-openmp , 2048 x 2048 , 0.496899 , 8.29697e-05 , 0.351409 , 0.848395
64 , 27 , mapped-by-core-mpi-openmp , 2048 x 2048 , 0.489007 , 9.5129e-05 , 0.239592 , 0.728698
64 , 28 , mapped-by-core-mpi-openmp , 2048 x 2048 , 0.512003 , 8.51154e-05 , 0.278245 , 0.790337
64 , 29 , mapped-by-core-mpi-openmp , 2048 x 2048 , 0.527733 , 9.70364e-05 , 0.268186 , 0.79602
64 , 30 , mapped-by-core-mpi-openmp , 2048 x 2048 , 0.576099 , 9.39369e-05 , 0.369741 , 0.945939
64 , 31 , mapped-by-core-mpi-openmp , 2048 x 2048 , 0.58487 , 9.799e-05 , 0.318191 , 0.903163
64 , 32 , mapped-by-core-mpi-openmp , 2048 x 2048 , 0.62221 , 9.10759e-05 , 0.287073 , 0.909378
